repo_name,easy_file,hard_file
2sic/eav-server,ToSic.Eav.Apps/DataSources/System/ContentTypes.cs,ToSic.Eav.Core/Apps/State/AppState_Load.cs
2sic/eav-server,ToSic.Eav.Apps/Run/ZoneMapperBase.cs,ToSic.Eav.Core/Apps/State/AppState_Load.cs
2sic/eav-server,ToSic.Eav.WebApi/Dto/Context/ContextDto.cs,ToSic.Eav.Core/Apps/State/AppState_Load.cs
2sic/eav-server,ToSic.Eav.Apps/ImportExport/XmlImportWithFiles_ContentTypes.cs,ToSic.Eav.Core/Apps/State/AppState_Load.cs
2sic/eav-server,ToSic.Eav.Apps/Parts/AppInitializer.cs,ToSic.Eav.Core/Apps/State/AppState_Load.cs
2sic/eav-server,ToSic.Eav.Apps/App.cs,ToSic.Eav.Core/Apps/State/AppState_Load.cs
2sic/eav-server,ToSic.Eav.WebApi/ContentTypeApi.cs,ToSic.Eav.Core/Apps/State/AppState_Load.cs
2sic/eav-server,ToSic.Eav.Apps/App_MetadataAndPermissions.cs,ToSic.Eav.Core/Apps/State/AppState_Load.cs
2sic/eav-server,ToSic.Eav.Core/Apps/State/AppMetadataManager.cs,ToSic.Eav.Core/Caching/Apps/AppsCacheBase.cs
2sic/eav-server,ToSic.Eav.Core/Data/ContentTypes/ContentType.cs,ToSic.Eav.Core/Caching/Apps/AppsCacheBase.cs
2sic/eav-server,ToSic.Eav.Core/Data/Entities/IEntityExtensions.cs,ToSic.Eav.Core/Caching/Apps/AppsCacheBase.cs
2sic/eav-server,ToSic.Eav.Core/Metadata/MetadataOf.cs,ToSic.Eav.Core/Caching/Apps/AppsCacheBase.cs
2sic/eav-server,ToSic.Eav.Core/Apps/State/AppState_Metadata.cs,ToSic.Eav.Core/Caching/Apps/AppsCacheBase.cs
2sic/eav-server,ToSic.Eav.Core/Metadata/IMetadataOf.cs,ToSic.Eav.Core/Caching/Apps/AppsCacheBase.cs
2sic/eav-server,ToSic.Eav.Core/Data/ContentTypes/ContentTypeMetadata.cs,ToSic.Eav.Core/Caching/Apps/AppsCacheBase.cs
2sic/eav-server,ToSic.Eav.Core/Apps/State/AppState_ContentTypes.cs,ToSic.Eav.Core/Caching/Apps/AppsCacheBase.cs
hahoyer/reni.cs,src/Reni/TokenClasses/Whitespace/Extension.cs,src/ReniVSIX/Tagger.cs
hahoyer/reni.cs,src/Reni/hw/Scanner/SourcePart.cs,src/ReniVSIX/Tagger.cs
hahoyer/reni.cs,src/Reni/SyntaxTree/DeclarationSyntax.cs,src/ReniVSIX/Tagger.cs
hahoyer/reni.cs,src/ReniVSIX/ClassifierProvider.cs,src/ReniVSIX/Tagger.cs
hahoyer/reni.cs,src/ReniUI/Formatting/WhiteSpaces.cs,src/ReniVSIX/Tagger.cs
hahoyer/reni.cs,src/Reni/hw/Scanner/SourcePosition.cs,src/ReniVSIX/Tagger.cs
hahoyer/reni.cs,src/ReniVSIX/Classifier.cs,src/ReniVSIX/Tagger.cs
hahoyer/reni.cs,src/Reni/TokenClasses/WhitespaceItem.cs,src/ReniVSIX/Tagger.cs
hahoyer/reni.cs,src/ReniVSIX/Extension.cs,src/ReniVSIX/Tagger.cs
hahoyer/reni.cs,src/ReniVSIX/ReniVSIXPackage.cs,src/ReniVSIX/Tagger.cs
hahoyer/reni.cs,src/Reni/SyntaxFactory/Factory.cs,src/ReniVSIX/Tagger.cs
hahoyer/reni.cs,src/Reni/TokenClasses/Whitespace/LinesAndSpaces.cs,src/ReniVSIX/Tagger.cs
hahoyer/reni.cs,src/ReniVSIX/Source.cs,src/ReniVSIX/Tagger.cs
hahoyer/reni.cs,src/Reni/Helper/PositionDictionary.cs,src/ReniVSIX/Tagger.cs
hahoyer/reni.cs,src/Reni/TokenClasses/Whitespace/LineGroup.cs,src/ReniVSIX/Tagger.cs
chylex/TweetDuck,Dialogs/Settings/TabSettingsAdvanced.cs,Browser/FormBrowser.cs
chylex/TweetDuck,Dialogs/Settings/TabSettingsGeneral.cs,Browser/FormBrowser.cs
chylex/TweetDuck,Dialogs/Settings/TabSettingsGeneral.cs,Browser/TweetDeckBrowser.cs
chylex/TweetDuck,Dialogs/Settings/TabSettingsAdvanced.cs,Browser/TweetDeckBrowser.cs
chylex/TweetDuck,Dialogs/Settings/TabSettingsGeneral.cs,Management/ProfileManager.cs
chylex/TweetDuck,Dialogs/Settings/TabSettingsAdvanced.cs,Management/ProfileManager.cs
Pathoschild/SMAPI,src/SMAPI/Constants.cs,src/SMAPI.Installer/InteractiveInstaller.cs
bepu/bepuphysics2,BepuPhysics/Trees/Tree_MultithreadedRefitRefine.cs,Demos/Demos/ClothDemo.cs
bepu/bepuphysics2,BepuPhysics/Solver_Solve.cs,Demos/Demos/ClothDemo.cs
bepu/bepuphysics2,BepuPhysics/Solver_Solve.cs,Demos/Demos/SweepDemo.cs
bepu/bepuphysics2,BepuPhysics/Trees/Tree_MultithreadedRefitRefine.cs,Demos/Demos/SweepDemo.cs
bepu/bepuphysics2,BepuPhysics/Trees/Tree_MultithreadedRefitRefine.cs,Demos/Demos/RayCastingDemo.cs
bepu/bepuphysics2,BepuPhysics/Solver_Solve.cs,Demos/Demos/RayCastingDemo.cs
bepu/bepuphysics2,BepuPhysics/Solver_Solve.cs,Demos/Demos/RopeStabilityDemo.cs
bepu/bepuphysics2,BepuPhysics/Trees/Tree_MultithreadedRefitRefine.cs,Demos/Demos/RopeStabilityDemo.cs
bepu/bepuphysics2,Demos/DemoCallbacks.cs,BepuPhysics/Constraints/SwivelHinge.cs
micjahn/ZXing.Net,Source/lib/qrcode/encoder/QrCodeEncodingOptions.cs,Source/lib/Properties/AssemblyInfo.cs
micjahn/ZXing.Net,Source/lib/common/CharacterSetECI.cs,Source/lib/Properties/AssemblyInfo.cs
UnigramDev/Unigram,Unigram/Unigram/Services/SettingsService.cs,Unigram/Unigram/Views/Host/RootPage.xaml.cs
UnigramDev/Unigram,Unigram/Unigram/Controls/FileButton.cs,Unigram/Unigram/Controls/Chats/ChatTextBox.cs
UnigramDev/Unigram,Unigram/Unigram/Services/ProtoService.cs,Unigram/Unigram/Controls/Chats/ChatTextBox.cs
UnigramDev/Unigram,Unigram/Unigram/Controls/Messages/MessageService.cs,Unigram/Unigram/Controls/Chats/ChatTextBox.cs
UnigramDev/Unigram,Unigram/Unigram/Services/NotificationsService.cs,Unigram/Unigram/Controls/Chats/ChatTextBox.cs
restsharp/RestSharp,src/RestSharp/IRestRequest.cs,src/RestSharp/Http.Sync.cs
restsharp/RestSharp,src/RestSharp/IRestRequest.cs,src/RestSharp/Serializers/IDeserializer.cs
restsharp/RestSharp,src/RestSharp/IRestRequest.cs,src/RestSharp/Extensions/StringExtensions.cs
restsharp/RestSharp,src/RestSharp/IRestRequest.cs,src/RestSharp/Authenticators/OAuth/WebPair.cs
restsharp/RestSharp,src/RestSharp/IRestRequest.cs,src/RestSharp/Authenticators/IAuthenticator.cs
restsharp/RestSharp,src/RestSharp/IRestRequest.cs,src/RestSharp/Serializers/Xml/IXmlSerializer.cs
restsharp/RestSharp,src/RestSharp/IRestRequest.cs,src/RestSharp/Extensions/ReflectionExtensions.cs
restsharp/RestSharp,src/RestSharp/IRestRequest.cs,src/RestSharp/Serializers/Xml/IXmlDeserializer.cs
restsharp/RestSharp,src/RestSharp/IRestRequest.cs,src/RestSharp/Authenticators/OAuth/OAuthWorkflow.cs
restsharp/RestSharp,src/RestSharp/IRestRequest.cs,src/RestSharp/Serializers/Xml/DotNetXmlSerializer.cs
CypherCore/CypherCore,Source/Scripts/Spells/Items.cs,Source/Game/Groups/Group.cs
CypherCore/CypherCore,Source/Game/AI/ScriptedAI/ScriptedEscortAI.cs,Source/Game/Groups/Group.cs
CypherCore/CypherCore,Source/Game/Chat/Commands/MiscCommands.cs,Source/Game/Groups/Group.cs
CypherCore/CypherCore,Source/Game/AI/SmartScripts/SmartAIManager.cs,Source/Game/Groups/Group.cs
CypherCore/CypherCore,Source/Game/AI/ScriptedAI/ScriptedEscortAI.cs,Source/Game/Spells/Spell.cs
CypherCore/CypherCore,Source/Game/Chat/Commands/MiscCommands.cs,Source/Game/Spells/Spell.cs
CypherCore/CypherCore,Source/Scripts/Spells/Items.cs,Source/Game/Spells/Spell.cs
CypherCore/CypherCore,Source/Game/AI/SmartScripts/SmartAIManager.cs,Source/Game/Spells/Spell.cs
CypherCore/CypherCore,Source/Game/AI/SmartScripts/SmartAIManager.cs,Source/Game/AI/CoreAI/PetAI.cs
CypherCore/CypherCore,Source/Scripts/Spells/Items.cs,Source/Game/AI/CoreAI/PetAI.cs
CypherCore/CypherCore,Source/Game/AI/ScriptedAI/ScriptedEscortAI.cs,Source/Game/AI/CoreAI/PetAI.cs
CypherCore/CypherCore,Source/Game/Chat/Commands/MiscCommands.cs,Source/Game/AI/CoreAI/PetAI.cs
CypherCore/CypherCore,Source/Game/Chat/Commands/MiscCommands.cs,Source/Game/AI/CoreAI/UnitAI.cs
CypherCore/CypherCore,Source/Scripts/Spells/Items.cs,Source/Game/AI/CoreAI/UnitAI.cs
CypherCore/CypherCore,Source/Game/AI/SmartScripts/SmartAIManager.cs,Source/Game/AI/CoreAI/UnitAI.cs
CypherCore/CypherCore,Source/Game/AI/ScriptedAI/ScriptedEscortAI.cs,Source/Game/AI/CoreAI/UnitAI.cs
CypherCore/CypherCore,Source/Game/Chat/Commands/MiscCommands.cs,Source/Game/Spells/SpellInfo.cs
CypherCore/CypherCore,Source/Game/AI/SmartScripts/SmartAIManager.cs,Source/Game/Spells/SpellInfo.cs
CypherCore/CypherCore,Source/Scripts/Spells/Items.cs,Source/Game/Spells/SpellInfo.cs
CypherCore/CypherCore,Source/Game/AI/ScriptedAI/ScriptedEscortAI.cs,Source/Game/Spells/SpellInfo.cs
CypherCore/CypherCore,Source/Game/Chat/Commands/MiscCommands.cs,Source/Scripts/Spells/Shaman.cs
CypherCore/CypherCore,Source/Game/AI/ScriptedAI/ScriptedEscortAI.cs,Source/Scripts/Spells/Shaman.cs
CypherCore/CypherCore,Source/Game/AI/SmartScripts/SmartAIManager.cs,Source/Scripts/Spells/Shaman.cs
CypherCore/CypherCore,Source/Scripts/Spells/Items.cs,Source/Scripts/Spells/Shaman.cs
CypherCore/CypherCore,Source/Game/AI/SmartScripts/SmartAIManager.cs,Source/Scripts/Spells/Generic.cs
CypherCore/CypherCore,Source/Game/AI/ScriptedAI/ScriptedEscortAI.cs,Source/Scripts/Spells/Generic.cs
CypherCore/CypherCore,Source/Game/Chat/Commands/MiscCommands.cs,Source/Scripts/Spells/Generic.cs
CypherCore/CypherCore,Source/Scripts/Spells/Items.cs,Source/Scripts/Spells/Generic.cs
CypherCore/CypherCore,Source/Game/Chat/Commands/MiscCommands.cs,Source/Game/Entities/Unit/Unit.cs
CypherCore/CypherCore,Source/Game/AI/ScriptedAI/ScriptedEscortAI.cs,Source/Game/Entities/Unit/Unit.cs
CypherCore/CypherCore,Source/Scripts/Spells/Items.cs,Source/Game/Entities/Unit/Unit.cs
CypherCore/CypherCore,Source/Game/AI/SmartScripts/SmartAIManager.cs,Source/Game/Entities/Unit/Unit.cs
CypherCore/CypherCore,Source/Game/Chat/Commands/MiscCommands.cs,Source/Game/Server/WorldConfig.cs
CypherCore/CypherCore,Source/Game/AI/SmartScripts/SmartAIManager.cs,Source/Game/Server/WorldConfig.cs
CypherCore/CypherCore,Source/Game/AI/ScriptedAI/ScriptedEscortAI.cs,Source/Game/Server/WorldConfig.cs
CypherCore/CypherCore,Source/Scripts/Spells/Items.cs,Source/Game/Server/WorldConfig.cs
CypherCore/CypherCore,Source/Game/Chat/Commands/MiscCommands.cs,Source/Game/Handlers/PetHandler.cs
CypherCore/CypherCore,Source/Game/AI/ScriptedAI/ScriptedEscortAI.cs,Source/Game/Handlers/PetHandler.cs
CypherCore/CypherCore,Source/Game/AI/SmartScripts/SmartAIManager.cs,Source/Game/Handlers/PetHandler.cs
CypherCore/CypherCore,Source/Scripts/Spells/Items.cs,Source/Game/Handlers/PetHandler.cs
CypherCore/CypherCore,Source/Game/AI/ScriptedAI/ScriptedEscortAI.cs,Source/Game/Spells/SpellEffects.cs
CypherCore/CypherCore,Source/Scripts/Spells/Items.cs,Source/Game/Spells/SpellEffects.cs
CypherCore/CypherCore,Source/Game/AI/SmartScripts/SmartAIManager.cs,Source/Game/Spells/SpellEffects.cs
CypherCore/CypherCore,Source/Game/Chat/Commands/MiscCommands.cs,Source/Game/Spells/SpellEffects.cs
CypherCore/CypherCore,Source/Scripts/Spells/Items.cs,Source/Game/Spells/SpellManager.cs
CypherCore/CypherCore,Source/Game/Chat/Commands/MiscCommands.cs,Source/Game/Spells/SpellManager.cs
CypherCore/CypherCore,Source/Game/AI/ScriptedAI/ScriptedEscortAI.cs,Source/Game/Spells/SpellManager.cs
CypherCore/CypherCore,Source/Game/AI/SmartScripts/SmartAIManager.cs,Source/Game/Spells/SpellManager.cs
CypherCore/CypherCore,Source/Game/AI/ScriptedAI/ScriptedEscortAI.cs,Source/Game/AI/CoreAI/CreatureAI.cs
CypherCore/CypherCore,Source/Scripts/Spells/Items.cs,Source/Game/AI/CoreAI/CreatureAI.cs
CypherCore/CypherCore,Source/Game/AI/SmartScripts/SmartAIManager.cs,Source/Game/AI/CoreAI/CreatureAI.cs
CypherCore/CypherCore,Source/Game/Chat/Commands/MiscCommands.cs,Source/Game/AI/CoreAI/CreatureAI.cs
CypherCore/CypherCore,Source/Game/Chat/Commands/MiscCommands.cs,Source/Game/Globals/ObjectManager.cs
CypherCore/CypherCore,Source/Scripts/Spells/Items.cs,Source/Game/Globals/ObjectManager.cs
CypherCore/CypherCore,Source/Game/AI/ScriptedAI/ScriptedEscortAI.cs,Source/Game/Globals/ObjectManager.cs
CypherCore/CypherCore,Source/Game/AI/SmartScripts/SmartAIManager.cs,Source/Game/Globals/ObjectManager.cs
CypherCore/CypherCore,Source/Scripts/Spells/Items.cs,Source/Game/Movement/MotionMaster.cs
CypherCore/CypherCore,Source/Game/AI/ScriptedAI/ScriptedEscortAI.cs,Source/Game/Movement/MotionMaster.cs
CypherCore/CypherCore,Source/Game/AI/SmartScripts/SmartAIManager.cs,Source/Game/Movement/MotionMaster.cs
CypherCore/CypherCore,Source/Game/Chat/Commands/MiscCommands.cs,Source/Game/Movement/MotionMaster.cs
CypherCore/CypherCore,Source/Game/AI/SmartScripts/SmartAIManager.cs,Source/Game/Entities/Player/Player.cs
CypherCore/CypherCore,Source/Game/Chat/Commands/MiscCommands.cs,Source/Game/Entities/Player/Player.cs
CypherCore/CypherCore,Source/Game/AI/ScriptedAI/ScriptedEscortAI.cs,Source/Game/Entities/Player/Player.cs
CypherCore/CypherCore,Source/Scripts/Spells/Items.cs,Source/Game/Entities/Player/Player.cs
CypherCore/CypherCore,Source/Scripts/Spells/Items.cs,Source/Framework/Constants/Language.cs
CypherCore/CypherCore,Source/Game/AI/SmartScripts/SmartAIManager.cs,Source/Framework/Constants/Language.cs
CypherCore/CypherCore,Source/Game/AI/ScriptedAI/ScriptedEscortAI.cs,Source/Framework/Constants/Language.cs
CypherCore/CypherCore,Source/Game/Chat/Commands/MiscCommands.cs,Source/Framework/Constants/Language.cs
CypherCore/CypherCore,Source/Game/AI/SmartScripts/SmartAIManager.cs,Source/Game/AI/SmartScripts/SmartAI.cs
CypherCore/CypherCore,Source/Game/Chat/Commands/MiscCommands.cs,Source/Game/AI/SmartScripts/SmartAI.cs
CypherCore/CypherCore,Source/Game/AI/ScriptedAI/ScriptedEscortAI.cs,Source/Game/AI/SmartScripts/SmartAI.cs
CypherCore/CypherCore,Source/Scripts/Spells/Items.cs,Source/Game/AI/SmartScripts/SmartAI.cs
CypherCore/CypherCore,Source/Game/Chat/Commands/MiscCommands.cs,Source/Game/Entities/TemporarySummon.cs
CypherCore/CypherCore,Source/Game/AI/SmartScripts/SmartAIManager.cs,Source/Game/Entities/TemporarySummon.cs
CypherCore/CypherCore,Source/Game/AI/ScriptedAI/ScriptedEscortAI.cs,Source/Game/Entities/TemporarySummon.cs
CypherCore/CypherCore,Source/Scripts/Spells/Items.cs,Source/Game/Entities/TemporarySummon.cs
CypherCore/CypherCore,Source/Scripts/Spells/Items.cs,Source/Game/Entities/Player/Player.DB.cs
CypherCore/CypherCore,Source/Game/AI/ScriptedAI/ScriptedEscortAI.cs,Source/Game/Entities/Player/Player.DB.cs
CypherCore/CypherCore,Source/Game/Chat/Commands/MiscCommands.cs,Source/Game/Entities/Player/Player.DB.cs
CypherCore/CypherCore,Source/Game/AI/SmartScripts/SmartAIManager.cs,Source/Game/Entities/Player/Player.DB.cs
CypherCore/CypherCore,Source/Game/AI/ScriptedAI/ScriptedEscortAI.cs,Source/Game/Entities/Unit/Unit.Combat.cs
CypherCore/CypherCore,Source/Scripts/Spells/Items.cs,Source/Game/Entities/Unit/Unit.Combat.cs
CypherCore/CypherCore,Source/Game/AI/SmartScripts/SmartAIManager.cs,Source/Game/Entities/Unit/Unit.Combat.cs
CypherCore/CypherCore,Source/Game/Chat/Commands/MiscCommands.cs,Source/Game/Entities/Unit/Unit.Combat.cs
CypherCore/CypherCore,Source/Scripts/Spells/Items.cs,Source/Game/Entities/Unit/Unit.Fields.cs
CypherCore/CypherCore,Source/Game/Chat/Commands/MiscCommands.cs,Source/Game/Entities/Unit/Unit.Fields.cs
CypherCore/CypherCore,Source/Game/AI/ScriptedAI/ScriptedEscortAI.cs,Source/Game/Entities/Unit/Unit.Fields.cs
CypherCore/CypherCore,Source/Game/AI/SmartScripts/SmartAIManager.cs,Source/Game/Entities/Unit/Unit.Fields.cs
CypherCore/CypherCore,Source/Game/AI/SmartScripts/SmartAIManager.cs,Source/Game/Entities/Unit/Unit.Spells.cs
CypherCore/CypherCore,Source/Scripts/Spells/Items.cs,Source/Game/Entities/Unit/Unit.Spells.cs
CypherCore/CypherCore,Source/Game/Chat/Commands/MiscCommands.cs,Source/Game/Entities/Unit/Unit.Spells.cs
CypherCore/CypherCore,Source/Game/AI/ScriptedAI/ScriptedEscortAI.cs,Source/Game/Entities/Unit/Unit.Spells.cs
CypherCore/CypherCore,Source/Game/AI/ScriptedAI/ScriptedEscortAI.cs,Source/Game/Entities/Creature/Creature.cs
CypherCore/CypherCore,Source/Scripts/Spells/Items.cs,Source/Game/Entities/Creature/Creature.cs
CypherCore/CypherCore,Source/Game/Chat/Commands/MiscCommands.cs,Source/Game/Entities/Creature/Creature.cs
CypherCore/CypherCore,Source/Game/AI/SmartScripts/SmartAIManager.cs,Source/Game/Entities/Creature/Creature.cs
CypherCore/CypherCore,Source/Game/AI/SmartScripts/SmartAIManager.cs,Source/Game/AI/SmartScripts/SmartScript.cs
CypherCore/CypherCore,Source/Game/AI/ScriptedAI/ScriptedEscortAI.cs,Source/Game/AI/SmartScripts/SmartScript.cs
CypherCore/CypherCore,Source/Scripts/Spells/Items.cs,Source/Game/AI/SmartScripts/SmartScript.cs
CypherCore/CypherCore,Source/Game/Chat/Commands/MiscCommands.cs,Source/Game/AI/SmartScripts/SmartScript.cs
CypherCore/CypherCore,Source/Scripts/Spells/Items.cs,Source/Game/BattlePets/BattlePetManager.cs
CypherCore/CypherCore,Source/Game/AI/SmartScripts/SmartAIManager.cs,Source/Game/BattlePets/BattlePetManager.cs
CypherCore/CypherCore,Source/Game/Chat/Commands/MiscCommands.cs,Source/Game/BattlePets/BattlePetManager.cs
CypherCore/CypherCore,Source/Game/AI/ScriptedAI/ScriptedEscortAI.cs,Source/Game/BattlePets/BattlePetManager.cs
CypherCore/CypherCore,Source/Game/AI/SmartScripts/SmartAIManager.cs,Source/Game/Entities/Object/WorldObject.cs
CypherCore/CypherCore,Source/Game/Chat/Commands/MiscCommands.cs,Source/Game/Entities/Object/WorldObject.cs
CypherCore/CypherCore,Source/Game/AI/ScriptedAI/ScriptedEscortAI.cs,Source/Game/Entities/Object/WorldObject.cs
CypherCore/CypherCore,Source/Scripts/Spells/Items.cs,Source/Game/Entities/Object/WorldObject.cs
CypherCore/CypherCore,Source/Game/AI/SmartScripts/SmartAIManager.cs,Source/Game/Entities/Unit/Unit.Movement.cs
CypherCore/CypherCore,Source/Game/AI/ScriptedAI/ScriptedEscortAI.cs,Source/Game/Entities/Unit/Unit.Movement.cs
CypherCore/CypherCore,Source/Scripts/Spells/Items.cs,Source/Game/Entities/Unit/Unit.Movement.cs
CypherCore/CypherCore,Source/Game/Chat/Commands/MiscCommands.cs,Source/Game/Entities/Unit/Unit.Movement.cs
CypherCore/CypherCore,Source/Game/AI/ScriptedAI/ScriptedEscortAI.cs,Source/Game/Chat/Channels/ChannelManager.cs
CypherCore/CypherCore,Source/Scripts/Spells/Items.cs,Source/Game/Chat/Channels/ChannelManager.cs
CypherCore/CypherCore,Source/Game/Chat/Commands/MiscCommands.cs,Source/Game/Chat/Channels/ChannelManager.cs
CypherCore/CypherCore,Source/Game/AI/SmartScripts/SmartAIManager.cs,Source/Game/Chat/Channels/ChannelManager.cs
CypherCore/CypherCore,Source/Game/Chat/Commands/MiscCommands.cs,Source/Game/Entities/Player/Player.Quest.cs
CypherCore/CypherCore,Source/Scripts/Spells/Items.cs,Source/Game/Entities/Player/Player.Quest.cs
CypherCore/CypherCore,Source/Game/AI/ScriptedAI/ScriptedEscortAI.cs,Source/Game/Entities/Player/Player.Quest.cs
CypherCore/CypherCore,Source/Game/AI/SmartScripts/SmartAIManager.cs,Source/Game/Entities/Player/Player.Quest.cs
CypherCore/CypherCore,Source/Scripts/Spells/Items.cs,Source/Game/Entities/Player/Player.Spells.cs
CypherCore/CypherCore,Source/Game/Chat/Commands/MiscCommands.cs,Source/Game/Entities/Player/Player.Spells.cs
CypherCore/CypherCore,Source/Game/AI/SmartScripts/SmartAIManager.cs,Source/Game/Entities/Player/Player.Spells.cs
CypherCore/CypherCore,Source/Game/AI/ScriptedAI/ScriptedEscortAI.cs,Source/Game/Entities/Player/Player.Spells.cs
CypherCore/CypherCore,Source/Game/AI/SmartScripts/SmartAIManager.cs,Source/Game/Movement/Generators/PathGenerator.cs
CypherCore/CypherCore,Source/Game/Chat/Commands/MiscCommands.cs,Source/Game/Movement/Generators/PathGenerator.cs
CypherCore/CypherCore,Source/Scripts/Spells/Items.cs,Source/Game/Movement/Generators/PathGenerator.cs
CypherCore/CypherCore,Source/Game/AI/ScriptedAI/ScriptedEscortAI.cs,Source/Game/Movement/Generators/PathGenerator.cs
CypherCore/CypherCore,Source/Game/Chat/Commands/MiscCommands.cs,Source/Framework/Database/Databases/CharacterDatabase.cs
CypherCore/CypherCore,Source/Game/AI/SmartScripts/SmartAIManager.cs,Source/Framework/Database/Databases/CharacterDatabase.cs
CypherCore/CypherCore,Source/Scripts/Spells/Items.cs,Source/Framework/Database/Databases/CharacterDatabase.cs
CypherCore/CypherCore,Source/Game/AI/ScriptedAI/ScriptedEscortAI.cs,Source/Framework/Database/Databases/CharacterDatabase.cs
WeihanLi/WeihanLi.Common,src/WeihanLi.Common/Extensions/DataExtension.cs,src/WeihanLi.Common/Extensions/CoreExtension.cs
WeihanLi/WeihanLi.Common,src/WeihanLi.Data/SqlExtensions.cs,src/WeihanLi.Common/Extensions/CoreExtension.cs
SubtitleEdit/subtitleedit,src/ui/Forms/GenerateVideoWithHardSubs.Designer.cs,src/ui/Forms/GenerateVideoWithHardSubs.cs
SubtitleEdit/subtitleedit,src/libse/AudioToText/Vosk/SubtitleGenerator.cs,src/ui/Forms/GenerateVideoWithHardSubs.cs
SubtitleEdit/subtitleedit,src/libse/AudioToText/Vosk/VoskSettings.cs,src/ui/Forms/GenerateVideoWithHardSubs.cs
SubtitleEdit/subtitleedit,src/libse/AudioToText/Vosk/ResultReader.cs,src/ui/Forms/GenerateVideoWithHardSubs.cs
btcpayserver/btcpayserver,BTCPayServer/HostedServices/WebhookSender.cs,BTCPayServer/Controllers/UIManageController.cs
btcpayserver/btcpayserver,BTCPayServer/HostedServices/WebhookSender.cs,BTCPayServer/HostedServices/BitpayIPNSender.cs
btcpayserver/btcpayserver,BTCPayServer/HostedServices/WebhookSender.cs,BTCPayServer/Controllers/UINotificationsController.cs
btcpayserver/btcpayserver,BTCPayServer/HostedServices/WebhookSender.cs,BTCPayServer/Controllers/UIManageController.APIKeys.cs
NakedObjectsGroup/NakedObjectsFramework,NakedFramework/NakedFramework.Metamodel/Facet/MemberNamedFacetAnnotation.cs,NakedLegacy/NakedLegacy.Reflector/Facet/PropertySetterFacetViaValueHolder.cs
