repo_name,file,commit,is_corrective,is_refactor
ACEmulator/ACE,Source/ACE.Database/ShardDatabase.cs,10f13d04f3715d41f8fedf924c5231c94dc37067,true,true
ACEmulator/ACE,Source/ACE.Server/Network/GameEvent/Events/GameEventBookDataResponse.cs,3e3bb13b698cf3c69bace4f139973a7540a8371a,true,false
ACEmulator/ACE,Source/ACE.Server/Physics/Transition.cs,63d08e0a7e43e56246ff875d8dbf70680f7837ec,true,false
ACEmulator/ACE,Source/ACE.Database/WorldDatabaseWithEntityCache.cs,7590f7bea72247930816f7073c66fa9b1f992d4b,true,false
ACEmulator/ACE,Source/ACE.Server/WorldObjects/Player_Inventory.cs,939f1a72954bd574473f5a949ad1b0859c4f05b1,true,false
ACEmulator/ACE,Source/ACE.Server/WorldObjects/PetDevice.cs,b9575f20c5f1b5bf501a72914e00dc21accee364,false,true
AerisG222/mikeandwan.us,podman-build-pod.sh,2d28ee5497e1f4920a52bfde5c9bc25ce7d3adba,false,true
AerisG222/mikeandwan.us,src/maw_database_pg/012/tables/photo.photo.sql,4d8098f61dffd729a9c0bd86a02dddcd752f8e0f,false,true
AerisG222/mikeandwan.us,src/maw_database_pg/012/tables/video.video.sql,4d8098f61dffd729a9c0bd86a02dddcd752f8e0f,false,true
AerisG222/mikeandwan.us,src/maw_database_pg/012/tables/photo.category.sql,7cf68690b77d3b129d67b7a290b308a7306b4362,false,true
AerisG222/mikeandwan.us,src/maw_database_pg/012/tables/video.category.sql,7cf68690b77d3b129d67b7a290b308a7306b4362,false,true
AerisG222/mikeandwan.us,cfg/solr/multimedia-categories/managed-schema,f9aebb7759b325d3e5600c8083cdeb35cf50baae,false,true
AerisG222/mikeandwan.us,cfg/solr/multimedia-categories/postgres_import.xml,f9aebb7759b325d3e5600c8083cdeb35cf50baae,false,true
AerisG222/mikeandwan.us,cfg/solr/multimedia-categories/solrconfig.xml,f9aebb7759b325d3e5600c8083cdeb35cf50baae,false,true
AerisG222/mikeandwan.us,cfg/solr/multimedia-categories/synonyms.txt,f9aebb7759b325d3e5600c8083cdeb35cf50baae,false,true
AerisG222/mikeandwan.us,cfg/solr/solr-reindex.sh,f9aebb7759b325d3e5600c8083cdeb35cf50baae,false,true
AlexWan/OsEngine,project/OsEngine/OsTrader/Panels/Tab/Internal/BotManualControl.cs,14e6f27a5f4235dbf1fd66cc47c1f60ede87bde8,true,false
Altaxo/Altaxo,Altaxo/Base/Gui/Common/Drawing/BrushControllerSimple.cs,86ae3309e1b15df180261f037b8ca99b9f8d47de,false,true
ArduPilot/MissionPlanner,Grid/GridPlugin.cs,7e52033a8b708dd83574575394aaa55c054184d0,false,true
ArduPilot/MissionPlanner,Common.cs,e3d3fc6529085459cbd65bbb73141bbe25dae75a,true,false
Arkhist/Hacknet-Pathfinder,PathfinderAPI/Replacements/ActionsLoader.cs,aa54b344f51665b719bb29ffac1a0a0445bed634,true,false
Arkhist/Hacknet-Pathfinder,PathfinderAPI/Event/Loading/OSLoadedEvent.cs,d2c737eaf7ce60c1b2ad73da70d269dc4db03a0e,true,false
Azure/azure-sdk-for-net,eng/.docsettings.yml,02bdcdef2d276f5a7fa377fc48dce61ac6b50a79,false,true
Azure/azure-sdk-for-net,sdk/anomalydetector/Azure.AI.AnomalyDetector/README.md,02bdcdef2d276f5a7fa377fc48dce61ac6b50a79,false,true
Azure/azure-sdk-for-net,sdk/appconfiguration/Azure.Data.AppConfiguration/README.md,02bdcdef2d276f5a7fa377fc48dce61ac6b50a79,false,true
Azure/azure-sdk-for-net,sdk/appconfiguration/Azure.Data.AppConfiguration/tests/Readme.md,02bdcdef2d276f5a7fa377fc48dce61ac6b50a79,false,true
Azure/azure-sdk-for-net,sdk/storage/Azure.Storage.Blobs/README.md,02bdcdef2d276f5a7fa377fc48dce61ac6b50a79,false,true
Azure/azure-sdk-for-net,sdk/storage/Azure.Storage.Queues/README.md,02bdcdef2d276f5a7fa377fc48dce61ac6b50a79,false,true
Azure/azure-sdk-for-net,sdk/webpubsub/Azure.Messaging.WebPubSub/README.md,02bdcdef2d276f5a7fa377fc48dce61ac6b50a79,false,true
Azure/azure-sdk-for-net,sdk/webpubsub/Azure.Messaging.WebPubSub/tests/Samples/WebPubSubSamples.HelloWorld.cs,02bdcdef2d276f5a7fa377fc48dce61ac6b50a79,false,true
Azure/azure-sdk-for-net,sdk/webpubsub/Microsoft.Azure.WebPubSub.AspNetCore/README.md,02bdcdef2d276f5a7fa377fc48dce61ac6b50a79,false,true
Azure/azure-sdk-for-net,sdk/tables/Azure.Data.Tables/src/TableEntity.cs,08c2b0bd721f62277d7d18b679b1d39ca6bf3059,true,false
Azure/azure-sdk-for-net,sdk/tables/Azure.Data.Tables/tests/TableEntityTests.cs,08c2b0bd721f62277d7d18b679b1d39ca6bf3059,true,false
Azure/azure-sdk-for-net,sdk/eventhub/Azure.Messaging.EventHubs.Processor/perf/Azure.Messaging.EventHubs.Processor.Perf.slnf,19e125bacc4aa7ae6f6d750e16017d8b3e728976,true,false
Azure/azure-sdk-for-net,sdk/eventhub/Azure.Messaging.EventHubs.Processor/perf/Program.cs,19e125bacc4aa7ae6f6d750e16017d8b3e728976,true,false
Azure/azure-sdk-for-net,sdk/core/Azure.Core/src/Pipeline/BearerTokenAuthenticationPolicy.cs,22b0356ba1a113d42f4c4b9edb8fecb750962695,true,false
Azure/azure-sdk-for-net,sdk/storage/Azure.Storage.Files.DataLake/src/DataLakeFileClient.cs,3fac52661e862fe86f3df8ac3212f19bb85ee262,true,false
Azure/azure-sdk-for-net,sdk/signalr/Microsoft.Azure.WebJobs.Extensions.SignalRService/src/Bindings/SignalRInputBindings/SignalREndpointsInputBinding/SignalREndpointsAsyncConverter.cs,482a28b7c8dace26259cc57d0eb48d3675a3aa57,true,false
Azure/azure-sdk-for-net,sdk/batch/Microsoft.Azure.Batch/src/OutputFileBlobContainerDestination.cs,5866e3a0c2f38c5796832149771261df28529a3a,true,false
Azure/azure-sdk-for-net,sdk/storage/Microsoft.Azure.WebJobs.Extensions.Storage.Blobs/src/Microsoft.Azure.WebJobs.Extensions.Storage.Blobs.csproj,5f440fa9d0a484c2fb899e961ed2451ea3c11d21,true,false
Azure/azure-sdk-for-net,sdk/core/Azure.Core.TestFramework/src/TestEnvironment.cs,88fe50a7ac6c4d5eea55fb1f93c934dad83c9791,true,false
Azure/azure-sdk-for-net,sdk/core/Azure.Core.TestFramework/src/TestServer.cs,88fe50a7ac6c4d5eea55fb1f93c934dad83c9791,true,false
Azure/azure-sdk-for-net,sdk/core/Azure.Core/tests/HttpClientTransportFunctionalTest.cs,88fe50a7ac6c4d5eea55fb1f93c934dad83c9791,true,false
Azure/azure-sdk-for-net,sdk/tables/Azure.Data.Tables/tests/TableConnectionStringTests.cs,ca018c62822fa79d8a2263d5f3aa4d5999b700f5,true,false
Azure/azure-sdk-for-net,sdk/tables/Azure.Data.Tables/tests/TableServiceClientTests.cs,ca018c62822fa79d8a2263d5f3aa4d5999b700f5,true,false
Azure/azure-sdk-for-net,sdk/signalr/Microsoft.Azure.WebJobs.Extensions.SignalRService/src/Auth/DefaultSecurityTokenValidator.cs,cd1cc70aaade395cf3e0fad9864026c26ef9c12f,true,false
Azure/azure-sdk-for-net,sdk/servicebus/Azure.Messaging.ServiceBus/src/Primitives/ServiceBusRetryPolicy.cs,d90fe0e6ebde8eaeb5ac17d80bbc528a0dc69f55,true,false
Azure/azure-sdk-for-net,sdk/eventhub/Microsoft.Azure.EventHubs.Processor/src/EventProcessorOptions.cs,f176c24344ae476ba155babd4130c0f141ae3b65,true,true
Azure/durabletask,tools/DurableTask.props,657586bcfe9b0c68695ec6447ee9baca338c6cf7,true,false
BloomBooks/BloomDesktop,src/BloomBrowserUI/karma.conf.js,02ef6624939db6eadbbd7b3beb4a7fbb782b0ed0,false,true
Bobris/BTDB,BTDB/ODBLayer/RelationDBManipulator.cs,b3bf8569373a03ce47fad8a2639766931ca8981e,true,false
CypherCore/CypherCore,sql/updates/world/master/2021_12_17_00_world_priest_mind_bomb.sql,23ee2b5a488180ffc6335ebfdbda354f78f1dbe2,true,false
CypherCore/CypherCore,Source/Game/Reputation/ReputationManager.cs,6ac581c0c8a17e7b5bc611c478eb4ea554072da5,true,false
CypherCore/CypherCore,Source/Scripts/Spells/Warlock.cs,7026fce65b884dbbce28587f7a8800a060fc21aa,true,false
CypherCore/CypherCore,Source/Scripts/Spells/Mage.cs,82d3e3d8f4b29b6efd06ef523e6b6fd83a78a7cc,true,false
CypherCore/CypherCore,Source/Game/BattleGrounds/BattleGround.cs,95c3782ccbf662f926811036e084bf630e03e601,true,false
CypherCore/CypherCore,Source/Scripts/Pets/Generic.cs,9a9cc2d4e197dd1e46168f72f90974bf339b6136,true,false
CypherCore/CypherCore,Source/Game/Movement/Spline.cs,af0979903c8953718fa4045619d6a5beb416d9cf,true,false
CypherCore/CypherCore,sql/updates/world/master/2021_12_19_00_world_paladin_eye_for_an_eye.sql,f8f41e303e2dace03fe72f1919c1ffa324bc87cd,true,false
Dawn-of-Light/DOLSharp,GameServer/keeps/Gameobjects/Guards/Patrol.cs,d9d160cdf34a7e64e0e18e08cf9bdb60d74a4421,true,false
DotNetAnalyzers/WpfAnalyzers,WpfAnalyzers.Test/Helpers/BackingFieldOrPropertyTests.cs,e1f301e9eb8a0b2393ca77f5dd085e17056e559f,true,false
DotNetAnalyzers/WpfAnalyzers,WpfAnalyzers.Test/Helpers/DependencyObjectTests.cs,e1f301e9eb8a0b2393ca77f5dd085e17056e559f,true,false
DotNetAnalyzers/WpfAnalyzers,WpfAnalyzers.Test/Helpers/DependencyPropertyTests.Register.cs,e1f301e9eb8a0b2393ca77f5dd085e17056e559f,true,false
DotNetAnalyzers/WpfAnalyzers,WpfAnalyzers.Test/Helpers/RegisterInvocationTests.cs,e1f301e9eb8a0b2393ca77f5dd085e17056e559f,true,false
DotNetAnalyzers/WpfAnalyzers,WpfAnalyzers.Test/Helpers/ValueConverterTests.cs,e1f301e9eb8a0b2393ca77f5dd085e17056e559f,true,false
EDDiscovery/EDDiscovery,EDDiscovery/Resources/Credits.txt,6bb6f6d7f81f998dd3c991774c0bde41fd940ffd,true,false
EDDiscovery/EDDiscovery,manualclean.bat,6bdeefc505436a0a267ea9c31104057a883224bf,true,false
FredTungsten/ScriptPlayer,ScriptPlayer/ScriptPlayer.Shared/TimeSource/MpcStatus.cs,85f15a6d214be85adc57ac579716215da4c4e8af,true,false
GNOME/chronojump,src/exportFiles/sprint.cs,991598f43d6023fa5f6f73f460c482e6073d060a,true,false
Glain/FFTPatcher,FFTacText/Editors/StringListEditor.cs,eae129b2a41477e93d8f3b0eb3d57b5f388eb797,true,false
GridProtectionAlliance/gsf,Source/Tools/ValidateAssemblyBindings/Program.cs,48699588899d57a5c466a8753d3bb5737e2a1dfb,true,false
GridProtectionAlliance/openMIC,Source/Applications/openMIC/openMIC/Downloader.cs,73a82ae70b4051d762a2b08b09560d62c00bb05a,true,false
Jackett/Jackett,src/Jackett.Common/Definitions/oncesearch.yml,53c61453a68a76de12e179b765a3c8a928e69493,true,false
Jackett/Jackett,src/Jackett.Common/Definitions/pornorip.yml,650cc8bb9a156f449500ce435bcb6023ba82128c,true,false
Jackett/Jackett,src/Jackett.Common/Definitions/torrent-paradise-ml.yml,7ee9e389a05e86f74c073f9bbad658e64474f050,true,false
Jackett/Jackett,src/Jackett.Common/Indexers/BeyondHDAPI.cs,a469179f7e5c1f3c199195ca63f4cc450f9e07c5,true,false
Jackett/Jackett,src/Jackett.Server/Controllers/HealthcheckController.cs,bd13e1256f2d16dece92c6f9e30f274863d0617c,true,false
Jackett/Jackett,src/Jackett.Common/Definitions/shokweb.yml,bff6d17d0ee05f61c3ba38f187848db1fdd37726,true,false
Jackett/Jackett,src/Jackett.Common/Definitions/renegade.yml,c3620780e6d47159bfff3652cd5ac1b4bbe9366e,true,false
Jackett/Jackett,src/Jackett.Common/Definitions/efectodoppler.yml,d20110d9f9ff82547ace840a2dbec6e77a09e034,true,false
Jackett/Jackett,src/Jackett.Common/Indexers/IPTorrents.cs,d34f1558b7b05c8d79905d8e7be599e6d12b049f,true,false
Jackett/Jackett,src/Jackett.Common/Content/login.html,da3a5e705eb18ac69d8a66d860a1e6f2802e0bd0,true,false
Jackett/Jackett,src/Jackett.Common/Definitions/bitcityreloaded.yml,dc1961b10580228d6448625f1ca3f2f0ad0df411,false,true
Jackett/Jackett,src/Jackett.Common/Indexers/HDTorrents.cs,e346b0cf8ffd8bdf25281f862de7a82c9dd03598,true,false
Jackett/Jackett,src/Jackett.Common/Indexers/AlphaRatio.cs,f00aedb54241a0208d792d01bc8b0c23855ed828,true,false
Jackett/Jackett,src/Jackett.Common/Indexers/SecretCinema.cs,f1c6dca9bf19f9241d7219582d20c308b325f8e3,true,false
Jackett/Jackett,src/Jackett.Common/Definitions/asiandvdclub.yml,f3048ad71c488e729126f5e4f31db99b2afae835,true,false
Jackett/Jackett,src/Jackett.Common/Indexers/PornoLab.cs,f61a2b47400e68422ba6620a5ef2f5b4d0a929a3,true,false
Jackett/Jackett,src/Jackett.Common/Indexers/BroadcasTheNet.cs,fcdfdcffb18c9d4f2b39b924d16b620ebb854927,true,false
JosefNemec/Playnite,source/Playnite/SelectableItem.cs,1529482cee12c3604e3f0db27a7ab4bc43bece37,true,false
JosefNemec/Playnite,source/Playnite/ViewModels/MainViewModelBase.cs,253b47630e5b07f155e0a7ef15d94a82eb4b7da9,true,false
JosefNemec/Playnite,source/Playnite/WebView/WebViewBase.cs,58bb31a26521ca21fe2c905424efb0868c0e142c,true,false
JosefNemec/Playnite,source/Playnite.DesktopApp/ViewModels/DatabaseFieldsManagerViewModel.cs,5ef02ad2777c2ce9fa63c331d5c9725d27dba14e,true,true
JosefNemec/Playnite,source/Playnite/PipeServer.cs,9377328cd6cbf4b6636547db1b94e404c56cb476,true,false
JosefNemec/Playnite,source/PlayniteSDK/Plugins/SidebarItem.cs,9c3dd524d00322967c64f119b7b37285c7895191,true,false
JosefNemec/Playnite,source/Playnite/WebView/OffscreenWebView.cs,ae3c14bfab01304ea8d03866c9a140b891a09754,true,false
JosefNemec/Playnite,source/Playnite.FullscreenApp/FullscreenApplication.cs,aed07c4ed133417825364e3f5ddf945fee341a43,true,false
JosefNemec/Playnite,source/Playnite.DesktopApp/DesktopCollectionView.cs,c11ebbf2d40190688b0e0e51d68d55b6b49d6c92,true,false
JosefNemec/Playnite,source/Playnite.FullscreenApp/ViewModels/FullscreenAppViewModel_Commands.cs,e5f5ed64d4915198b3e2c3712d59fe066e133f8b,true,false
JosefNemec/Playnite,source/PlayniteSDK/Models/Company.cs,e881643b8d328d483b7aa4107f17e3f4336472cb,true,false
MahApps/MahApps.Metro,src/MahApps.Metro.Samples/MahApps.Metro.Demo/MainWindow.xaml,628a03187f8ce835c3ff43b17df58c0a704d4670,false,true
MahApps/MahApps.Metro,src/MahApps.Metro.Samples/MahApps.Metro.Demo/Markup/EnumBindingSourceExtension.cs,628a03187f8ce835c3ff43b17df58c0a704d4670,false,true
MetacoSA/NBitcoin,NBitcoin/BIP38/BitcoinEncryptedSecret.cs,3cbaad1cc7f35491906a371d5ffad972ebe61598,true,false
MscrmTools/XrmToolBox,XrmToolBox.PluginsStore/StoreFormFromPortal.resx,2aa8c5108396374725423e337ccafa2fca725aa8,true,false
MscrmTools/XrmToolBox,XrmToolBox/New/PluginForm.cs,88a6c15c537793ab34c6c7034e5430a3743522dc,true,false
NLog/NLog,src/NLog/SetupLoadConfigurationExtensions.cs,46d5523087afa0207bc83edeb4bf92e52a89d643,true,false
NLog/NLog,src/NLog/Internal/FormatHelper.cs,4971fe2fc78d124ddb3475bc10d444429e1d17cc,true,false
NLog/NLog,src/NLog.Database/DatabaseParameterInfo.cs,a36eed73698c6c3021bb935426763cdaaf4ad69d,false,true
NLog/NLog,tests/NLog.Database.Tests/DatabaseTargetTests.cs,a36eed73698c6c3021bb935426763cdaaf4ad69d,false,true
NRules/NRules,src/NRules.Integration/NRules.Integration.Autofac/NRules.Integration.Autofac.Tests/RuleDependencyInjectionTests.cs,d2fbe9785726a5b833152fe7936b1f3e45d70b75,true,false
NRules/NRules,src/NRules.Integration/NRules.Integration.Autofac/NRules.Integration.Autofac.Tests/TestAssets/RuleWithActionDependency.cs,d2fbe9785726a5b833152fe7936b1f3e45d70b75,true,false
NRules/NRules,src/NRules.Integration/NRules.Integration.Autofac/NRules.Integration.Autofac.Tests/TestAssets/RuleWithConstructorDependency.cs,d2fbe9785726a5b833152fe7936b1f3e45d70b75,true,false
NRules/NRules,src/NRules.Integration/NRules.Integration.Autofac/NRules.Integration.Autofac.Tests/TestAssets/TestFact1.cs,d2fbe9785726a5b833152fe7936b1f3e45d70b75,true,false
NRules/NRules,src/NRules.Integration/NRules.Integration.Autofac/NRules.Integration.Autofac.Tests/TestAssets/TestService.cs,d2fbe9785726a5b833152fe7936b1f3e45d70b75,true,false
NRules/NRules,src/NRules.Integration/NRules.Integration.Autofac/NRules.Integration.Autofac/RegistrationExtensions.cs,d2fbe9785726a5b833152fe7936b1f3e45d70b75,true,false
NakedObjectsGroup/NakedObjectsFramework,NakedFunctions/NakedFunctions.Services/NakedFunctions.Services.csproj,e9de5abd23a51acf1a55cb45bd76bf705090b185,true,false
NakedObjectsGroup/NakedObjectsFramework,Programming Model/NakedFunctions/NakedFunctions.ProgrammingModel/NakedFunctions.ProgrammingModel.csproj,e9de5abd23a51acf1a55cb45bd76bf705090b185,true,false
NakedObjectsGroup/NakedObjectsFramework,Programming Model/NakedObjects/NakedObjects.Attributes/NakedObjects.Attributes.csproj,e9de5abd23a51acf1a55cb45bd76bf705090b185,true,false
NakedObjectsGroup/NakedObjectsFramework,Programming Model/NakedObjects/NakedObjects.Helpers/NakedObjects.Helpers.csproj,e9de5abd23a51acf1a55cb45bd76bf705090b185,true,false
NakedObjectsGroup/NakedObjectsFramework,Programming Model/NakedObjects/NakedObjects.Types/NakedObjects.Types.csproj,e9de5abd23a51acf1a55cb45bd76bf705090b185,true,false
OpenRA/OpenRA,packaging/macos/buildpackage.sh,1312c1aa726a46a89d878c31e68df3dc25f11600,false,true
OpenRA/OpenRA,OpenRA.Mods.Common/Traits/World/BuildableTerrainOverlay.cs,2f130b17ba1eb5b75ea58e430d6dd95a46ad2166,true,false
OpenRA/OpenRA,OpenRA.Mods.Common/UtilityCommands/CheckYaml.cs,6997b973ee989a900cb63d494797c75442be7e40,true,false
OpenRA/OpenRA,mods/ra/maps/ant-03/ant-03.lua,a36eb585d3e7ea103a07548f3255b4886bef9d33,true,false
OpenRA/OpenRA,configure-system-libraries.sh,f83e27d647b8bd2ca001212d3ddd6db7b4697267,true,false
QuantConnect/Lean,Common/Orders/Fees/KrakenFeeModel.cs,589e8a92931bef6e31c2276bf7750dfeeb150f0c,true,false
QuantConnect/Lean,Tests/Brokerages/Kraken/KrakenFeeModelTests.cs,589e8a92931bef6e31c2276bf7750dfeeb150f0c,true,false
QuantConnect/Lean,Tests/Brokerages/InteractiveBrokers/InteractiveBrokersBrokerageDataQueueHandlerTest.cs,59da486e30936ffc8f5b7a2c7e94ecb2aa25f986,true,false
QuantConnect/Lean,Tests/Algorithm/AlgorithmWarmupTests.cs,5bdc60b137d1c030974f18fcaa98b8b973911185,true,false
QuantConnect/Lean,Tests/Engine/DataFeeds/DataManagerStub.cs,5bdc60b137d1c030974f18fcaa98b8b973911185,true,false
QuantConnect/Lean,.vscode/launch.json,5ea9f04b104d27f0fcfe3a383a3a60ca12206d99,false,true
QuantConnect/Lean,.vscode/readme.md,5ea9f04b104d27f0fcfe3a383a3a60ca12206d99,false,true
QuantConnect/Lean,AlgorithmFactory/DebuggerHelper.cs,5ea9f04b104d27f0fcfe3a383a3a60ca12206d99,false,true
QuantConnect/Lean,Dockerfile,5ea9f04b104d27f0fcfe3a383a3a60ca12206d99,false,true
QuantConnect/Lean,Engine/Setup/BacktestingSetupHandler.cs,5f434f2fa5db12e3a29712f12bfcc3545d85e321,true,false
QuantConnect/Lean,Engine/Setup/BrokerageSetupHandler.cs,5f434f2fa5db12e3a29712f12bfcc3545d85e321,true,false
QuantConnect/Lean,Tests/Engine/Setup/BacktestingSetupHandlerTests.cs,5f434f2fa5db12e3a29712f12bfcc3545d85e321,true,false
QuantConnect/Lean,Tests/Engine/Setup/BrokerageSetupHandlerTests.cs,5f434f2fa5db12e3a29712f12bfcc3545d85e321,true,false
QuantConnect/Lean,Common/Global.cs,72105539fc99273d5b350310675a8c6d908e1da7,false,true
QuantConnect/Lean,Tests/Common/ExchangeTest.cs,72105539fc99273d5b350310675a8c6d908e1da7,false,true
QuantConnect/Lean,Engine/TransactionHandlers/BrokerageTransactionHandler.cs,b4e95209f6475a45a98779741b1127b7a4753877,true,false
QuantConnect/Lean,Tests/Engine/BrokerageTransactionHandlerTests/BrokerageTransactionHandlerTests.cs,b4e95209f6475a45a98779741b1127b7a4753877,true,false
QuantConnect/Lean,Common/Data/LeanDataWriter.cs,d395f704b3a47940e46839514148cfc1ab4988ae,true,false
QuantConnect/Lean,Tests/ToolBox/LeanDataWriterTests.cs,d395f704b3a47940e46839514148cfc1ab4988ae,true,false
Radarr/Radarr,src/NzbDrone.Core/Datastore/Migration/206_multiple_ratings_support.cs,100fd95dd99ca38e5a32711580b9a07bd2b1925d,true,false
Radarr/Radarr,frontend/src/Movie/Delete/DeleteMovieModalContent.js,124b50288d81de4572e4345d45880fd9858b360a,true,false
Radarr/Radarr,src/NzbDrone.Core.Test/ParserTests/ParserFixture.cs,1cb31aa95cf9b8b6514f2dd526f7357c2cdb56e9,true,false
Radarr/Radarr,src/NzbDrone.Core/Parser/Parser.cs,1cb31aa95cf9b8b6514f2dd526f7357c2cdb56e9,true,false
Radarr/Radarr,src/NzbDrone.Common.Test/Http/HttpClientFixture.cs,2042ffce62d8c9e9c0e1e30119138b4d1d22e00a,true,false
Radarr/Radarr,src/NzbDrone.Common/Http/Dispatchers/ManagedHttpDispatcher.cs,2042ffce62d8c9e9c0e1e30119138b4d1d22e00a,true,false
Radarr/Radarr,src/NzbDrone.Core.Test/Framework/CoreTest.cs,2042ffce62d8c9e9c0e1e30119138b4d1d22e00a,true,false
Radarr/Radarr,frontend/src/Movie/Index/Menus/MovieIndexSortMenu.js,2838d8ca29bc9db4be52a5e844d0e7b3965157a6,true,false
Radarr/Radarr,frontend/src/Calendar/Events/CalendarEvent.js,28488992066acdc3c670952d912a1102cd92f0a8,true,false
Radarr/Radarr,src/NzbDrone.Core.Test/IndexerTests/NewznabTests/NewznabRequestGeneratorFixture.cs,3fcc39596438beaf5e38de3fde4a83397940f80e,true,false
Radarr/Radarr,src/NzbDrone.Core/Indexers/Newznab/NewznabRequestGenerator.cs,3fcc39596438beaf5e38de3fde4a83397940f80e,true,false
Radarr/Radarr,src/NzbDrone.Host/Bootstrap.cs,41d69d84843b35ac075e40c27c99acb06dbbff35,true,false
Radarr/Radarr,src/Radarr.Api.V3/Movies/MovieResource.cs,4278415fd7d1b66b2fb767856636ced218f35954,true,false
Radarr/Radarr,src/NzbDrone.Core/MediaFiles/RecycleBinProvider.cs,50b273acaebb88e230a8ce0824dce7e7cdb23c48,true,false
Radarr/Radarr,frontend/src/AddMovie/AddNewMovie/AddNewMovieSearchResult.js,589368781b8320a305652694327a243340650381,true,false
Radarr/Radarr,src/NzbDrone.Core/Parser/Model/ParsedMovieInfo.cs,6c40a27f2e66d24b7dabab2c52daaf9159947114,true,false
Radarr/Radarr,frontend/src/Utilities/Movie/getStatusStyle.js,6e0ed36e9fe31a50eb4c6c0a96a62fcf3b96fae4,true,false
Radarr/Radarr,frontend/src/AddMovie/AddNewMovie/AddNewMovie.js,8e4320a93b46c086ca32d743085abb1c4b502e26,true,false
Radarr/Radarr,src/Radarr.Api.V3/System/SystemController.cs,8fd61011211ebc0acaecf56bf229207f092dad65,true,false
Radarr/Radarr,src/NzbDrone.Core/Indexers/Nyaa/NyaaRequestGenerator.cs,906b9bb92a97cd5d4dd5922a1cbb41bfde1c9392,true,false
Radarr/Radarr,frontend/src/Activity/History/Details/HistoryDetails.js,91691205db792407d709f18d2dd96af1c1888307,true,false
Radarr/Radarr,src/NzbDrone.Core/Indexers/HttpIndexerBase.cs,9377ef79425872e750b1836d11deae4a9e588886,true,true
Radarr/Radarr,frontend/src/Components/Page/PageJumpBar.js,ac9d6cbf0a03aea6340112fc64f010a6e2cc0c6a,true,false
Radarr/Radarr,src/Radarr.Http/ClientSchema/SchemaBuilder.cs,b2195148a2d6a08f9c779487223097c0715cfa0b,true,false
Radarr/Radarr,src/NzbDrone.Core/Download/Clients/uTorrent/UTorrentSettings.cs,c2e5686bcf51c19c3c144b0380e29db3d0a98a0b,true,false
Radarr/Radarr,frontend/src/Settings/Indexers/Options/IndexerOptions.js,d571c7b75a78b263abce0227f5982aab98d90476,true,false
Radarr/Radarr,src/NzbDrone.Core/Download/Clients/QBittorrent/QBittorrent.cs,e7a8f6332c43f179d4c95b3a8a0253a235bb6eec,true,false
Radarr/Radarr,frontend/src/Settings/CustomFormats/CustomFormats/EditCustomFormatModalContent.css,eecd4e4b7d21c5fa70181fd87f6edd5d624924ff,true,false
Radarr/Radarr,frontend/src/Settings/CustomFormats/CustomFormats/EditCustomFormatModalContent.js,eecd4e4b7d21c5fa70181fd87f6edd5d624924ff,true,false
Rhetos/Rhetos,Source/Rhetos.Utilities/ApplicationConfiguration/ConfigurationProvider.cs,d8e98daf1ee6a6f88eae975f7fb4d03165e6c537,false,true
RobinHood70/HoodBot,Robby/SiteLink.cs,a059bb319a4b5419b188f9784970373c68ccfdb0,true,false
SenseNet/sensenet,src/OData/Writers/ODataTableWriter.cs,6e40eac34aaf0f94e4db9dfd192745679ce3774e,true,false
SenseNet/sensenet,src/Tests/SenseNet.ODataTests/ODataTableFormatterTests.cs,6e40eac34aaf0f94e4db9dfd192745679ce3774e,true,false
SenseNet/sensenet,src/Storage/DataModel/InitialData.cs,9f420d1162b1bb4c9a72937c0d4b19a37fde247f,true,false
SenseNet/sensenet,src/Tests/SenseNet.Tests.Core.Tests/InitialDataTests.cs,9f420d1162b1bb4c9a72937c0d4b19a37fde247f,true,false
SenseNet/sensenet,src/ContentRepository/Search/Indexing/DocumentPopulator.cs,cf96b5e8c908cae127a1f417f570c9bb9e859d93,true,false
SignalGo/SignalGo-full-net,SignalGo.Client/WebServiceProtocolHelper.cs,6dce2b74c3b24834faff0c1d61b2f466c8934d88,true,false
SnowflakePowered/snowflake,build/Build.cs,87a1b2366d017be5c96808f86dbed76bf462aa24,true,false
Squidex/squidex,backend/src/Squidex.Domain.Apps.Entities/FodyWeavers.xml,228c11a6fbe84bb705df620ee04a825ffb24d14d,true,false
Squidex/squidex,backend/src/Squidex/Areas/Api/Config/OpenApi/XmlResponseTypesProcessor.cs,228c11a6fbe84bb705df620ee04a825ffb24d14d,true,false
Squidex/squidex,backend/src/Squidex.Web/Resources.cs,50d8766ab9bd9194d2ca2041eb5748499f1006d5,true,true
Squidex/squidex,backend/tools/TestSuite/TestSuite.ApiTests/AppClientsTests.cs,50d8766ab9bd9194d2ca2041eb5748499f1006d5,true,true
Squidex/squidex,backend/tools/TestSuite/TestSuite.ApiTests/AppWorkflowsTest.cs,50d8766ab9bd9194d2ca2041eb5748499f1006d5,true,true
Squidex/squidex,backend/tools/TestSuite/TestSuite.ApiTests/Setup.cs,50d8766ab9bd9194d2ca2041eb5748499f1006d5,true,true
Squidex/squidex,backend/tools/TestSuite/TestSuite.Shared/Model/TestEntityWithReferences.cs,50d8766ab9bd9194d2ca2041eb5748499f1006d5,true,true
Squidex/squidex,backend/src/Squidex.Domain.Apps.Entities/Contents/DomainObject/ContentsBulkUpdateCommandMiddleware.cs,97ee567a1ba266faafd84ec0cb628c2c120eb16e,true,false
Squidex/squidex,backend/tests/Squidex.Domain.Apps.Entities.Tests/Contents/DomainObject/ContentsBulkUpdateCommandMiddlewareTests.cs,97ee567a1ba266faafd84ec0cb628c2c120eb16e,true,false
StockSharp/StockSharp,Messages/UserInfoMessage.cs,878c9504a8f4ca297fe10d5cc4ad6b79cc279142,true,false
StockSharp/StockSharp,Samples/Chart/SampleChart/MainWindow.xaml.cs,a31c3deb3574069e501a0ab979b1334c69cac2ed,true,false
StockSharp/StockSharp,Messages/DataType.cs,d9ff24b93b62ad323b3a5aad16cb0aaf6edc5fd1,true,false
SubnauticaNitrox/Nitrox,NitroxPatcher/Patches/Dynamic/EnergyMixin_ModifyCharge_Patch.cs,21ec06b6cfa91279c2333f40261a8139028f112d,true,false
SubnauticaNitrox/Nitrox,NitroxClient/GameLogic/PlayerModel/Equipment/EquipmentVisibilityHandler.cs,580a3d58d0c83ec5847260f14719f5e4afc6d888,false,true
SubtitleEdit/subtitleedit,src/libse/Forms/FixCommonErrors/FixMissingSpaces.cs,3cd5769c778fca7f8b7439b45ac9d8497f60d8a3,true,false
SubtitleEdit/subtitleedit,src/ui/Forms/ChangeFrameRate.cs,56a254e6934ca3419ad819992a2119be8a704f1c,true,false
SubtitleEdit/subtitleedit,src/libse/SubtitleFormats/TimedText10.cs,74325364956e4cc12348c869636ec8a462b924da,false,true
SubtitleEdit/subtitleedit,src/libse/SubtitleFormats/Bilibili.cs,753fff76e8e1f1861a59da5c25f67d46e200766d,true,false
SubtitleEdit/subtitleedit,Dictionaries/fra_WordSplitList.txt,7fa610fd39e975948a64a13369fd91a25a68f631,false,true
SubtitleEdit/subtitleedit,src/libse/ContainerFormats/Mp4/Boxes/Mdia.cs,9ecc6e636b05505d56daadc1f51df7b43fe97b8f,false,true
SubtitleEdit/subtitleedit,src/libse/LibSE.csproj,a10c0e90441f195df81135eafe006abf72400108,false,true
SubtitleEdit/subtitleedit,src/ui/Forms/EbuColorPicker.cs,c45d9cb364fc966f639c785b200c8e2306a6a649,true,false
SubtitleEdit/subtitleedit,src/ui/Forms/AlignmentPicker.Designer.cs,cdd9e70108f86bbc2733e5398ec2679395d4cf4b,true,false
TrinityCore/WowPacketParser,WowPacketParser/SQL/Builders/QuestMisc.cs,3da1c0c671673841627c3c06e9279ff7cf64d5b9,true,false
Willster419/RelhaxModpack,RelhaxModpack/RelhaxModpack/Automation/Tasks/ShellExecuteTask.cs,5012130698b2471983661ae49a6deac8cf00c43f,true,true
Willster419/RelhaxModpack,RelhaxModpack/RelhaxModpack/Windows/DeveloperSelectionsViewer.xaml.cs,c1e44a3ad149c1df680eaa61e9545f46567e24f0,true,false
Willster419/RelhaxModpack,RelhaxModpack/RelhaxModpack/Windows/ModpackToolbox.xaml,d799e06debb25f377f6b28947606c83108935aa1,false,true
YAFNET/YAFNET,yafsrc/YetAnotherForum.NET/Controls/EditUsersInfo.ascx,4c5340b3a8a8de46e1bcf93b907a3cf7845e3068,true,false
YAFNET/YAFNET,yafsrc/YetAnotherForum.NET/Controls/EditUsersInfo.ascx.designer.cs,4c5340b3a8a8de46e1bcf93b907a3cf7845e3068,true,false
YevgeniyShunevych/Atata,src/Atata/UIComponentMetadata.cs,64144095882294a856b9acbffaa34e28508902f3,false,true
adamabdelhamed/PowerArgs,PowerArgs/CLI/Controls/Dropdown.cs,68ae4ada868fea96a1a7008a89e383c1688d5f2e,true,false
andlju/swetugg-tix,pulumi/.azure-ad.secret.json.template,ae7a072218500bafba38371896901183538bc000,true,false
andlju/swetugg-tix,pulumi/index.ts,ae7a072218500bafba38371896901183538bc000,true,false
apache/lucenenet,.build/azure-templates/install-dotnet-sdk.yml,0c56b7a88ac4fe91ae8568b8975d0b8fc96c265d,true,false
apache/lucenenet,build,0c56b7a88ac4fe91ae8568b8975d0b8fc96c265d,true,false
apache/lucenenet,build.ps1,0c56b7a88ac4fe91ae8568b8975d0b8fc96c265d,true,false
apache/lucenenet,.build/TestReferences.Common.targets,11e4c06a15dd31db2c46ed6d057ed9a19be75351,false,true
apache/lucenenet,.build/azure-templates/publish-nuget-packages.yml,11e4c06a15dd31db2c46ed6d057ed9a19be75351,false,true
apache/lucenenet,.build/azure-templates/publish-test-binaries.yml,11e4c06a15dd31db2c46ed6d057ed9a19be75351,false,true
apache/lucenenet,.build/azure-templates/publish-test-results-for-test-projects.yml,11e4c06a15dd31db2c46ed6d057ed9a19be75351,false,true
apache/lucenenet,.build/azure-templates/publish-test-results.yml,11e4c06a15dd31db2c46ed6d057ed9a19be75351,false,true
apache/lucenenet,.build/azure-templates/show-all-environment-variables.yml,11e4c06a15dd31db2c46ed6d057ed9a19be75351,false,true
apache/lucenenet,.build/nuget.props,11e4c06a15dd31db2c46ed6d057ed9a19be75351,false,true
apache/lucenenet,.build/release.targets,11e4c06a15dd31db2c46ed6d057ed9a19be75351,false,true
apache/lucenenet,.gitignore,11e4c06a15dd31db2c46ed6d057ed9a19be75351,false,true
apache/lucenenet,build/Release.targets,11e4c06a15dd31db2c46ed6d057ed9a19be75351,false,true
apache/lucenenet,build/TestReferences.Common.targets,11e4c06a15dd31db2c46ed6d057ed9a19be75351,false,true
apache/lucenenet,build/azure-templates/publish-nuget-packages.yml,11e4c06a15dd31db2c46ed6d057ed9a19be75351,false,true
apache/lucenenet,build/azure-templates/publish-test-binaries.yml,11e4c06a15dd31db2c46ed6d057ed9a19be75351,false,true
apache/lucenenet,build/azure-templates/publish-test-results.yml,11e4c06a15dd31db2c46ed6d057ed9a19be75351,false,true
apache/lucenenet,build/azure-templates/show-all-environment-variables.yml,11e4c06a15dd31db2c46ed6d057ed9a19be75351,false,true
apache/lucenenet,build/azure-templates/show-all-files.yml,11e4c06a15dd31db2c46ed6d057ed9a19be75351,false,true
apache/lucenenet,build/dotnet-install.ps1,11e4c06a15dd31db2c46ed6d057ed9a19be75351,false,true
apache/lucenenet,build/psake.cmd,11e4c06a15dd31db2c46ed6d057ed9a19be75351,false,true
apache/lucenenet,build/psake.ps1,11e4c06a15dd31db2c46ed6d057ed9a19be75351,false,true
apache/lucenenet,build/psake.psd1,11e4c06a15dd31db2c46ed6d057ed9a19be75351,false,true
apache/lucenenet,build/psake.psm1,11e4c06a15dd31db2c46ed6d057ed9a19be75351,false,true
apache/lucenenet,src/Lucene.Net.Tests.AllProjects/Lucene.Net.Tests.AllProjects.csproj,11e4c06a15dd31db2c46ed6d057ed9a19be75351,false,true
apache/lucenenet,src/Lucene.Net.Tests.Analysis.Common/Lucene.Net.Tests.Analysis.Common.csproj,11e4c06a15dd31db2c46ed6d057ed9a19be75351,false,true
apache/lucenenet,src/Lucene.Net.Tests.Analysis.Kuromoji/Lucene.Net.Tests.Analysis.Kuromoji.csproj,11e4c06a15dd31db2c46ed6d057ed9a19be75351,false,true
apache/lucenenet,src/Lucene.Net.Tests.Analysis.Morfologik/Lucene.Net.Tests.Analysis.Morfologik.csproj,11e4c06a15dd31db2c46ed6d057ed9a19be75351,false,true
apache/lucenenet,src/Lucene.Net.Tests.Analysis.Phonetic/Lucene.Net.Tests.Analysis.Phonetic.csproj,11e4c06a15dd31db2c46ed6d057ed9a19be75351,false,true
apache/lucenenet,src/Lucene.Net.Tests.Analysis.SmartCn/Lucene.Net.Tests.Analysis.SmartCn.csproj,11e4c06a15dd31db2c46ed6d057ed9a19be75351,false,true
apache/lucenenet,src/Lucene.Net.Tests.Analysis.Stempel/Lucene.Net.Tests.Analysis.Stempel.csproj,11e4c06a15dd31db2c46ed6d057ed9a19be75351,false,true
apache/lucenenet,src/Lucene.Net.Tests.Benchmark/Lucene.Net.Tests.Benchmark.csproj,11e4c06a15dd31db2c46ed6d057ed9a19be75351,false,true
apache/lucenenet,src/Lucene.Net.Tests.Classification/Lucene.Net.Tests.Classification.csproj,11e4c06a15dd31db2c46ed6d057ed9a19be75351,false,true
apache/lucenenet,src/Lucene.Net.Tests.Codecs/Lucene.Net.Tests.Codecs.csproj,11e4c06a15dd31db2c46ed6d057ed9a19be75351,false,true
apache/lucenenet,src/Lucene.Net.Tests.Demo/Lucene.Net.Tests.Demo.csproj,11e4c06a15dd31db2c46ed6d057ed9a19be75351,false,true
apache/lucenenet,src/Lucene.Net.Tests.Expressions/Lucene.Net.Tests.Expressions.csproj,11e4c06a15dd31db2c46ed6d057ed9a19be75351,false,true
apache/lucenenet,src/Lucene.Net.Tests.Facet/Lucene.Net.Tests.Facet.csproj,11e4c06a15dd31db2c46ed6d057ed9a19be75351,false,true
apache/lucenenet,src/Lucene.Net.Tests.Grouping/Lucene.Net.Tests.Grouping.csproj,11e4c06a15dd31db2c46ed6d057ed9a19be75351,false,true
apache/lucenenet,src/Lucene.Net.Tests.Highlighter/Lucene.Net.Tests.Highlighter.csproj,11e4c06a15dd31db2c46ed6d057ed9a19be75351,false,true
apache/lucenenet,src/Lucene.Net.Tests.Join/Lucene.Net.Tests.Join.csproj,11e4c06a15dd31db2c46ed6d057ed9a19be75351,false,true
apache/lucenenet,src/Lucene.Net.Tests.Memory/Lucene.Net.Tests.Memory.csproj,11e4c06a15dd31db2c46ed6d057ed9a19be75351,false,true
apache/lucenenet,src/Lucene.Net.Tests.Misc/Lucene.Net.Tests.Misc.csproj,11e4c06a15dd31db2c46ed6d057ed9a19be75351,false,true
apache/lucenenet,src/Lucene.Net.Tests.Queries/Lucene.Net.Tests.Queries.csproj,11e4c06a15dd31db2c46ed6d057ed9a19be75351,false,true
apache/lucenenet,src/Lucene.Net.Tests.Replicator/Lucene.Net.Tests.Replicator.csproj,11e4c06a15dd31db2c46ed6d057ed9a19be75351,false,true
apache/lucenenet,src/Lucene.Net.Tests.Sandbox/Lucene.Net.Tests.Sandbox.csproj,11e4c06a15dd31db2c46ed6d057ed9a19be75351,false,true
apache/lucenenet,src/Lucene.Net.Tests.Spatial/Lucene.Net.Tests.Spatial.csproj,11e4c06a15dd31db2c46ed6d057ed9a19be75351,false,true
apache/lucenenet,src/Lucene.Net.Tests.Suggest/Lucene.Net.Tests.Suggest.csproj,11e4c06a15dd31db2c46ed6d057ed9a19be75351,false,true
apache/lucenenet,src/Lucene.Net.Tests.TestFramework.DependencyInjection/Lucene.Net.Tests.TestFramework.DependencyInjection.csproj,11e4c06a15dd31db2c46ed6d057ed9a19be75351,false,true
apache/lucenenet,src/Lucene.Net.Tests.TestFramework/Lucene.Net.Tests.TestFramework.csproj,11e4c06a15dd31db2c46ed6d057ed9a19be75351,false,true
apache/lucenenet,src/Lucene.Net.Tests._J-S/Lucene.Net.Tests._J-S.csproj,11e4c06a15dd31db2c46ed6d057ed9a19be75351,false,true
apache/lucenenet,src/Lucene.Net.Tests._T-Z/Lucene.Net.Tests._T-Z.csproj,11e4c06a15dd31db2c46ed6d057ed9a19be75351,false,true
apache/lucenenet,src/dotnet/Lucene.Net.Tests.ICU/Lucene.Net.Tests.ICU.csproj,11e4c06a15dd31db2c46ed6d057ed9a19be75351,false,true
apache/lucenenet,src/Lucene.Net.Tests.Join/Support/TestJoinUtil.cs,1458fe296f6339b812f738d06b7c07dddca2afec,true,true
apache/lucenenet,src/Lucene.Net.Tests.Join/TestJoinUtil.cs,1458fe296f6339b812f738d06b7c07dddca2afec,true,true
apache/lucenenet,src/Lucene.Net/Search/TermScorer.cs,1458fe296f6339b812f738d06b7c07dddca2afec,true,true
apache/lucenenet,src/Lucene.Net.Classification/Utils/DatasetSplitter.cs,5319120b369579aa71a292fbf10854b24110a1d9,false,true
apache/lucenenet,src/Lucene.Net.Codecs/SimpleText/SimpleTextFieldsWriter.cs,617ba9774b5194634cef057b68d85a796ce6d7ad,true,false
apache/lucenenet,src/Lucene.Net/Support/Collections.cs,787ac89441b00731382ffd6c4be806e8d2dddfad,true,true
apache/lucenenet,src/Lucene.Net.Tests/Index/TestDuelingCodecs.cs,a80eaeb53e86aa5b254e4721e99855eb88485dba,true,false
apache/lucenenet,src/Lucene.Net/Codecs/BlockTreeTermsReader.cs,a80eaeb53e86aa5b254e4721e99855eb88485dba,true,false
ashmind/SharpLab,source/Container.Manager/Startup.cs,f2eaab34964d5bb04c051111b17181bf06a7993e,false,true
aspnetboilerplate/aspnetboilerplate,src/Abp/Domain/Entities/Auditing/EntityAuditingHelper.cs,26dfc59f5b6d5e7f99e9d531262a14f6877f2fb6,true,false
atata-framework/atata,src/Atata/UIComponentMetadata.cs,64144095882294a856b9acbffaa34e28508902f3,false,true
auth0/auth0.net,src/Auth0.ManagementApi/Clients/GuardianClient.cs,08647c8129a3d285ed939ecdbfeba427a2876550,true,true
bepu/bepuphysics2,DemoContentBuilder/Texture2DBuilder.cs,a40dba61b9fe96c2b871cbba7c97b0dba0ca0de2,true,false
borisdj/EFCore.BulkExtensions,EFCore.BulkExtensions/DbContextBulkTransactionSaveChanges.cs,5bf021caa22d4541f55ec391a1e7871705415d9a,true,false
borisdj/EFCore.BulkExtensions,EFCore.BulkExtensions/SqlQueryBuilder.cs,bdba05757095cb4a14c696778503e93fb37d54fd,true,false
borisdj/EFCore.BulkExtensions,EFCore.BulkExtensions.Tests/EFCoreBatchTest.cs,ccb86b2459dde8de0b52afd09b1f1e71916f07bd,true,false
btcpayserver/btcpayserver,BTCPayServer/wwwroot/light-pos/app.js,69202ed752a67444b3f6327ea3a6add61bd21a14,false,true
cadon/ARKStatsExtractor,ARKBreedingStats/NamePatterns/NamePatternFunctions.cs,0cdf462f515e0f8f1cfa7505d49c4896d09e634b,true,false
cadon/ARKStatsExtractor,ARKBreedingStats/raising/ParentStats.cs,111a33feb173413a38aee40227595404967c613d,true,false
cadon/ARKStatsExtractor,ARKBreedingStats/Form1.Designer.cs,5828d4d8f4875cfd3e090d769a4b534187362273,true,false
cadon/ARKStatsExtractor,ARKBreedingStats/Form1.resx,5828d4d8f4875cfd3e090d769a4b534187362273,true,false
cadon/ARKStatsExtractor,ARKBreedingStats/library/Creature.cs,9bef0667fdc2d382939adc6c5cf4af20736d1486,true,false
cadon/ARKStatsExtractor,ARKBreedingStats/json/variantsDefaultUnselected.txt,a01357b32403c5f2f996647a4b22be75d53866f3,false,true
cadon/ARKStatsExtractor,ARKBreedingStats/uiControls/VariantSelector.cs,a01357b32403c5f2f996647a4b22be75d53866f3,false,true
cadon/ARKStatsExtractor,ARKBreedingStats/Form1.library.cs,bb6232bfede80c96ea3b75308ac5d383b7b54504,true,false
chylex/TweetDuck,Resources/Content/error/error.html,13f8f12ac88f77d9cfa6f287c675579e93d526a6,true,true
chylex/TweetDuck,Resources/Scripts/pages/error.html,13f8f12ac88f77d9cfa6f287c675579e93d526a6,true,true
collinbarrett/FilterLists,services/Directory/FilterLists.Directory.Domain/Aggregates/FilterLists/FilterList.cs,45f63a0766fce5ffc608da9e040d175ec7ebc92c,false,true
collinbarrett/FilterLists,web/config-overrides.js,4a2a4272ba155ec8620b022abfab16c0332d8e39,true,false
collinbarrett/FilterLists,web/src/setupProxy.js,8cd6889be1e48e9eb7082838dca2ce0a681b7e42,true,false
couchbase/couchbase-lite-net,src/Couchbase.Lite.Shared/Sync/ReplicatorOptionsDictionary.cs,d2a626bd1b341d11c443c7aa904cf4c6b09c3632,false,true
dgarage/NBXplorer,NBXplorer/ExplorerBehavior.cs,89ada4a1721bb4de6419c9fbe3d132d9d01a0d35,true,false
dotnet-architecture/eShopOnContainers,src/Services/Basket/Basket.API/Startup.cs,5f649db4aeb50ab3c07cc3ad5859df53bbd799b8,true,false
dotnet/docfx,src/Microsoft.DocAsCode.Build.TableOfContents/TocDocumentProcessorBase.cs,2c6f6e6b3adeb2e5638bb407c1d8f0356772d8d8,false,true
dotnet/orleans,src/Orleans.GrainDirectory.Redis/RedisGrainDirectory.cs,154feab1d49ee5c8e2590832d40a32e5c9ad4b26,true,false
dotnet/orleans,src/Azure/Orleans.Streaming.AzureStorage/Storage/AzureQueueDataManager.cs,e16ae892abb01515d781d0b30f1fa25379221fab,true,false
dotnet/wcf,src/System.Private.ServiceModel/src/Internals/TraceCore.cs,ee6c60248ce106fd38bcb42278e5525f694c87dd,true,false
feO2x/Light.GuardClauses,Code/Light.GuardClauses/Check.UriAssertions.cs,abb1af11dec99c1a8199add46d65e43cf0df75db,false,true
fluentribbon/Fluent.Ribbon,Fluent.Ribbon/Controls/IconPresenter.cs,0af641be9133a2304c77cc3ab0eeaccdeb6858aa,true,true
fluffynuts/NExpect,src/NExpect.Tests/ObjectEquality/TestingObjectEquality.cs,cbccccd56c36267eca11a25b365c99bb47a3a59c,true,false
fluffynuts/NExpect,src/NExpect/EqualityProviderMatchers.cs,cbccccd56c36267eca11a25b365c99bb47a3a59c,true,false
fluffynuts/PeanutButter,source/Utils/PeanutButter.Utils.Tests/TestExtensionsForIEnumerables.cs,559157b2608711661e18bb9c1ffc6317b20f185f,true,false
fluffynuts/PeanutButter,source/Utils/PeanutButter.Utils/ExtensionsForIEnumerables.cs,559157b2608711661e18bb9c1ffc6317b20f185f,true,false
googleapis/google-api-dotnet-client,Src/Support/Google.Apis.Auth.Tests/OAuth2/TokenRefreshManagerTests.cs,4fedde5ab51cf0948a57fa2bd62fb58bd09c1897,true,false
googleapis/google-cloud-dotnet,apis/Google.Cloud.Diagnostics.AspNetCore/Google.Cloud.Diagnostics.AspNetCore/AspNetCoreGoogleDiagnosticsExtensions.cs,18ecd5cbc94b7cab721e2cbae39444e5ba3615fb,true,false
googleapis/google-cloud-dotnet,apis/Google.Cloud.Diagnostics.Common/Google.Cloud.Diagnostics.Common/ErrorReporting/ErrorReportingContextExceptionLogger.cs,437e6c418146ff2b529dfb612dc5b284cf5427d9,false,true
googleapis/google-cloud-dotnet,apis/Google.LongRunning/postgeneration.sh,b1bd36b122b98773c810e555437e4fc9124a71a9,true,false
googleapis/google-cloud-dotnet,apis/Google.Cloud.Diagnostics.Common/Google.Cloud.Diagnostics.Common.IntegrationTests/DiagnosticsTests.cs,d5c396346dae01654d869f3cf82fcf71e2483b1f,true,false
googleapis/google-cloud-dotnet,apis/Google.Cloud.Diagnostics.Common/Google.Cloud.Diagnostics.Common.IntegrationTests/ErrorReporting/ErrorEventEntryVerifiers.cs,d5c396346dae01654d869f3cf82fcf71e2483b1f,true,false
googleapis/google-cloud-dotnet,apis/Google.Cloud.Diagnostics.Common/Google.Cloud.Diagnostics.Common/GoogleDiagnosticsExtensions.cs,d5c396346dae01654d869f3cf82fcf71e2483b1f,true,false
googleprojectzero/sandbox-attacksurface-analysis-tools,NtApiDotNet/Win32/DllDebugData.cs,ae8b4b23925718a32718cdc81528de1925325062,true,false
graphql-dotnet/graphql-dotnet,docs2/site/docs/guides/known-issues.md,157074fdc6d30a5ba03ecf8a133c0b2b6d315613,true,false
graphql-dotnet/graphql-dotnet,src/GraphQL.DataLoader.Tests/QueryTestBase.cs,157074fdc6d30a5ba03ecf8a133c0b2b6d315613,true,false
graphql-dotnet/graphql-dotnet,src/GraphQL.NewtonsoftJson/FixPrecisionConverter.cs,157074fdc6d30a5ba03ecf8a133c0b2b6d315613,true,false
graphql-dotnet/graphql-dotnet,src/GraphQL.NewtonsoftJson/GraphQL.NewtonsoftJson.csproj,157074fdc6d30a5ba03ecf8a133c0b2b6d315613,true,false
graphql-dotnet/graphql-dotnet,src/GraphQL.Tests/QueryTestBase.cs,157074fdc6d30a5ba03ecf8a133c0b2b6d315613,true,false
graphql-dotnet/graphql-dotnet,src/GraphQL.NewtonsoftJson/InputsConverter.cs,275d4c85df26fadd24703f9411b4886acb9109dc,true,false
graphql-dotnet/graphql-dotnet,src/GraphQL.Tests/Serialization/NewtonsoftJson/InputsConverterTests.cs,275d4c85df26fadd24703f9411b4886acb9109dc,true,false
graphql-dotnet/graphql-dotnet,src/GraphQL/Types/Schema.cs,3deeb39984fbd8c27dc69e09d44795318d9bf358,true,false
graphql-dotnet/graphql-dotnet,src/GraphQL/SchemaExtensions.cs,df18ecd8ee2d4e1bad6517989543ab659d99c61e,true,false
grpc/grpc-dotnet,test/FunctionalTests/Balancer/BalancerHelpers.cs,2ff1f4ef8e60a9c8fae82c106f979b4dee786844,false,true
grpc/grpc-dotnet,test/FunctionalTests/Balancer/LeastUsedBalancerTests.cs,2ff1f4ef8e60a9c8fae82c106f979b4dee786844,false,true
grpc/grpc-dotnet,test/FunctionalTests/Balancer/PickFirstBalancerTests.cs,2ff1f4ef8e60a9c8fae82c106f979b4dee786844,false,true
grpc/grpc-dotnet,perf/benchmarkapps/GrpcAspNetCoreServer/Program.cs,a08e7372ff45404576b4413fefa09ad37968c873,true,false
grpc/grpc-dotnet,test/FunctionalTests/Client/ClientFactoryTests.cs,a08e7372ff45404576b4413fefa09ad37968c873,true,false
grpc/grpc-dotnet,test/FunctionalTests/Client/DeadlineTests.cs,a23602367deaea180618e3ed85f5c3f05c23e363,true,false
grpc/grpc-dotnet,perf/Grpc.AspNetCore.Microbenchmarks/DefaultCoreConfig.cs,da6dcc5ca21ac272589bc31c8bc38be541b7eda7,true,false
grpc/grpc-dotnet,src/Grpc.Net.Client/Internal/GrpcCallLog.cs,ea7a00e7e28231bf966992679bb2f72371a67701,true,false
hahoyer/reni.cs,src/Reni/SyntaxTree/CompoundSyntax.cs,001a6bd0bd95f77a66108698cb71093d6542f236,false,true
hahoyer/reni.cs,src/Reni/SyntaxFactory/ListHandler.cs,cd30b7bd6e8787f5c768189d705a90e95f9f1de7,true,false
hahoyer/reni.cs,src/Reni/hw/Helper/ValueCacheExtension.cs,de7251f2e59bc87436f3601c213f200ec10f9d05,false,true
insthync/LiteNetLibManager,Scripts/GameApi/LiteNetLibGameManager.cs,fe666cff0daa904bf96aa47a2107582eb9daa8c3,true,false
joinrpg/joinrpg-net,src/JoinRpg.Portal/Controllers/GameFieldController.cs,0716e246e04c1c90a32be74b842304a44a2c465a,true,false
kennyvv/Alex,src/Alex.Networking.Java/Packets/Play/DestroyEntitiesPacket.cs,459617e652fa9bb81f790ab95b4060503303defd,true,false
kreeben/resin,src/Sir.HttpServer/sir.ini,cc35c566dd19b9ce3ff535a5010c8bff430da68a,false,true
kreeben/resin,src/Sir.WebFront/Controllers/UIController.cs,cc35c566dd19b9ce3ff535a5010c8bff430da68a,false,true
kubernetes-client/csharp,tests/KubernetesClient.Tests/YamlTests.cs,6c539873b547e006f082f3b712308e1585ada80c,true,false
libgit2/libgit2sharp,LibGit2Sharp/Repository.cs,1e6da83ab8c47058b5b4ef1e4e28e4732de44db0,true,false
lmadhavan/fotografix,Fotografix/App.xaml.cs,ef71fb0dbf3da436c21d7fc4bd711f2691260cb1,false,true
louthy/language-ext,Samples/EffectsExamples/Menu.cs,13448e6363c4868266cf6eb2d74f4feb978cdb06,false,true
louthy/language-ext,Samples/Records/Records.csproj,13448e6363c4868266cf6eb2d74f4feb978cdb06,false,true
lucas-miranda/Raccoon,Raccoon/Graphics/Drawables/Animation.cs,196fdb43ffee177518c2937929f284c1a76d6540,true,false
lucas-miranda/Raccoon,Raccoon/Util/Math.cs,67e18522fe5f46808ca582ead445c02f6a5b35ea,true,false
mRemoteNG/mRemoteNG,mRemoteNG/App/Logger.cs,942bf7d8cb13c16c9a79822b0c3c5a7c336951fa,false,true
mRemoteNG/mRemoteNG,mRemoteNG/log4net.config,942bf7d8cb13c16c9a79822b0c3c5a7c336951fa,false,true
melanchall/drywetmidi,DryWetMidi/Core/Chunks/TrackChunk.cs,237cdc1d25f3aaf01fc5b92c686b4ca2dad61424,true,false
micjahn/ZXing.Net,Source/lib/common/BitMatrix.Silverlight.cs,fee1b8a485a81b2b71e33ba9040ecd924ca28f06,true,false
mono/CppSharp,src/Generator/Passes/ExpressionHelper.cs,1edd5ee5ee85ac205fcb4c46a748f07a01e5c0ad,true,false
mono/CppSharp,src/Generator/Generators/C/CppTypePrinter.cs,740f30e816f94b39f86337c77dd0e03da1446c38,false,true
mono/SkiaSharp,source/SkiaSharp.Views.Blazor/SkiaSharp.Views.Blazor/SKCanvasView.razor.cs,3c721d250969ba6d0617827a3aa1d4f15fe95747,true,false
mysql-net/MySqlConnector,.ci/integration-tests-steps.yml,108d186071192ba00256a37d77fb72bec805462b,true,false
mysql-net/MySqlConnector,src/MySqlConnector/Core/SingleCommandPayloadCreator.cs,3c212ddb320aa3c73a048cfd9d15b62d811c66ae,true,false
mysql-net/MySqlConnector,tests/README.md,3c212ddb320aa3c73a048cfd9d15b62d811c66ae,true,false
mysql-net/MySqlConnector,src/MySqlConnector/MySqlParameter.cs,75cf89db3baf95a1211fde6a627eafdcbb0a022c,true,false
nhibernate/nhibernate-core,src/NHibernate/Linq/Visitors/NhPartialEvaluatingExpressionVisitor.cs,4dfff6ad8e0439b723854004bcb1d62a578c4b9a,true,false
nhibernate/nhibernate-core,src/NHibernate.Test/Async/Stats/StatsFixture.cs,a14c19e55a2198bf12a881b94d03f284aa58388b,true,false
nhibernate/nhibernate-core,src/NHibernate.Test/Stats/StatsFixture.cs,a14c19e55a2198bf12a881b94d03f284aa58388b,true,false
nhibernate/nhibernate-core,src/NHibernate/Stat/QueryStatistics.cs,a14c19e55a2198bf12a881b94d03f284aa58388b,true,false
nozzlegear/ShopifySharp,ShopifySharp/Entities/Event.cs,0cc04a1b8b859e928b8eb2ec21ac6f21fe24d732,true,false
nozzlegear/ShopifySharp,ShopifySharp/Enums/AuthorizationScope.cs,23143901dbf97411bd604c490cdd0abb547e91f8,true,false
nunit/nunit3-vs-adapter,nuget/NUnit3TestAdapter.nuspec,0b118ec63a52d351b879d51643f8ffa05a622237,true,false
nunit/nunit3-vs-adapter,src/Directory.Build.props,0b118ec63a52d351b879d51643f8ffa05a622237,true,false
nunit/nunit3-vs-adapter,src/NUnit.TestAdapter.Tests.Acceptance/AcceptanceTests.cs,0b118ec63a52d351b879d51643f8ffa05a622237,true,false
nunit/nunit3-vs-adapter,src/NUnit.TestAdapter.Tests.Acceptance/BundledDependencyTests.cs,0b118ec63a52d351b879d51643f8ffa05a622237,true,false
nunit/nunit3-vs-adapter,src/NUnit.TestAdapter.Tests.Acceptance/ConsoleOutTests.cs,0b118ec63a52d351b879d51643f8ffa05a622237,true,false
nunit/nunit3-vs-adapter,src/NUnit.TestAdapter.Tests.Acceptance/CsProjAcceptanceTests.cs,0b118ec63a52d351b879d51643f8ffa05a622237,true,false
nunit/nunit3-vs-adapter,src/NUnit.TestAdapter.Tests.Acceptance/FixtureTests.cs,0b118ec63a52d351b879d51643f8ffa05a622237,true,false
nunit/nunit3-vs-adapter,src/NUnit.TestAdapter.Tests.Acceptance/ParanthesisTests.cs,0b118ec63a52d351b879d51643f8ffa05a622237,true,false
nunit/nunit3-vs-adapter,src/NUnit.TestAdapter.Tests.Acceptance/PropertyTests.cs,0b118ec63a52d351b879d51643f8ffa05a622237,true,false
nunit/nunit3-vs-adapter,src/NUnit.TestAdapter.Tests.Acceptance/SinglePassingTestResultTests.cs,0b118ec63a52d351b879d51643f8ffa05a622237,true,false
nunit/nunit3-vs-adapter,src/NUnit.TestAdapter.Tests.Acceptance/TestSourceWithCustomNames.cs,0b118ec63a52d351b879d51643f8ffa05a622237,true,false
nunit/nunit3-vs-adapter,src/NUnit.TestAdapter.Tests.Acceptance/WorkspaceTools/IsolatedWorkspace.RunSettings.cs,0b118ec63a52d351b879d51643f8ffa05a622237,true,false
nunit/nunit3-vs-adapter,src/NUnit.TestAdapter.Tests.Acceptance/WorkspaceTools/IsolatedWorkspace.cs,0b118ec63a52d351b879d51643f8ffa05a622237,true,false
nunit/nunit3-vs-adapter,src/NUnit.TestAdapter.Tests.Acceptance/WorkspaceTools/ToolResolver.cs,0b118ec63a52d351b879d51643f8ffa05a622237,true,false
nunit/nunit3-vs-adapter,src/NUnit.TestAdapter.Tests.Acceptance/WorkspaceTools/VSTestResult.cs,0b118ec63a52d351b879d51643f8ffa05a622237,true,false
nunit/nunit3-vs-adapter,src/NUnit.TestAdapter.Tests.Acceptance/WorkspaceTools/VSTestResultCounters.cs,0b118ec63a52d351b879d51643f8ffa05a622237,true,false
nunit/nunit3-vs-adapter,src/NUnit.TestAdapter.Tests.Acceptance/WorkspaceTools/VsTestFilter.cs,0b118ec63a52d351b879d51643f8ffa05a622237,true,false
nunit/nunit3-vs-adapter,src/NUnitTestAdapter/NUnitEngine/Extensions.cs,0b118ec63a52d351b879d51643f8ffa05a622237,true,false
nunit/nunit3-vs-adapter,src/NUnitTestAdapter/NUnitEngine/NUnitDiscoveryTestClasses.cs,0b118ec63a52d351b879d51643f8ffa05a622237,true,false
nunit/nunit3-vs-adapter,src/NUnitTestAdapter/NUnitEngine/NUnitEngineAdapter.cs,0b118ec63a52d351b879d51643f8ffa05a622237,true,false
nunit/nunit3-vs-adapter,src/NUnitTestAdapter/NUnitEngine/NUnitResults.cs,0b118ec63a52d351b879d51643f8ffa05a622237,true,false
nunit/nunit3-vs-adapter,src/NUnitTestAdapter/NUnitEventListener.cs,0b118ec63a52d351b879d51643f8ffa05a622237,true,false
nunit/nunit3-vs-adapter,src/NUnitTestAdapter/TestConverter.cs,0b118ec63a52d351b879d51643f8ffa05a622237,true,false
nunit/nunit3-vs-adapter,src/NUnitTestAdapter/TestConverterForXml.cs,0b118ec63a52d351b879d51643f8ffa05a622237,true,false
nunit/nunit3-vs-adapter,src/NUnitTestAdapter/TestFilterConverter/TestFilterParser.cs,0b118ec63a52d351b879d51643f8ffa05a622237,true,false
nunit/nunit3-vs-adapter,src/NUnitTestAdapterTests/NUnitEngineTests/NUnitTestCaseTests.cs,0b118ec63a52d351b879d51643f8ffa05a622237,true,false
nunit/nunit3-vs-adapter,src/NUnitTestAdapterTests/NUnitEngineTests/NUnitTestEventsTests.cs,0b118ec63a52d351b879d51643f8ffa05a622237,true,false
nunit/nunit3-vs-adapter,src/NUnitTestAdapterTests/NUnitEventListenerTests.cs,0b118ec63a52d351b879d51643f8ffa05a622237,true,false
nunit/nunit3-vs-adapter,src/NUnitTestAdapterTests/ProjectTests.cs,0b118ec63a52d351b879d51643f8ffa05a622237,true,false
nunit/nunit3-vs-adapter,src/NUnitTestAdapterTests/TempDirectory.cs,0b118ec63a52d351b879d51643f8ffa05a622237,true,false
nunit/nunit3-vs-adapter,src/NUnitTestAdapterTests/TestConverterForXmlTests.cs,0b118ec63a52d351b879d51643f8ffa05a622237,true,false
nunit/nunit3-vs-adapter,src/NUnitTestAdapterTests/TestFilterConverterTests/TestFilterCombinerTests.cs,0b118ec63a52d351b879d51643f8ffa05a622237,true,false
nunit/nunit3-vs-adapter,src/mock-assembly/MockAssembly.cs,0b118ec63a52d351b879d51643f8ffa05a622237,true,false
openiddict/openiddict-core,src/OpenIddict.Validation.SystemNetHttp/OpenIddictValidationSystemNetHttpHandlers.cs,f8a42391cb9cd5425fd04582bdd4bb6279be7fc5,false,true
oskardudycz/EventSourcing.NetCore,Sample/EventStoreDB/Simple/ECommerce.Core/Commands/CommandHandler.cs,d94d3d9fbe1e7e4bdb42ab56b05c2890f0eda725,false,true
p-org/P,Src/PRuntimes/PSymbolicRuntime/scripts/build.sh,35eb13b33355f339841fbcddf089148b4d2e35bb,true,false
pardeike/Harmony,Harmony/Public/PatchClassProcessor.cs,9e03ed3f9c984bd10334f2707a8a53a0a56452af,true,false
pardeike/Harmony,HarmonyTests/Patching/BulkPatches.cs,9e03ed3f9c984bd10334f2707a8a53a0a56452af,true,false
r3c/cottle,src/Cottle.Test/DocumentConfigurationTester.cs,a5f80b8b65c51d126f582cc04cb7f59a13c9c39f,true,false
r3c/cottle,src/Cottle/DocumentConfiguration.cs,a5f80b8b65c51d126f582cc04cb7f59a13c9c39f,true,false
sebastienros/jint,Jint.Tests/Runtime/JsonTests.cs,7148772983cb7eda6e00339cc9068d99b950c1ac,true,false
sebastienros/jint,Jint/Native/Json/JsonParser.cs,7148772983cb7eda6e00339cc9068d99b950c1ac,true,false
sebastienros/jint,Jint/Runtime/Interpreter/Expressions/JintCallExpression.cs,ff6765bf1a0054ecc3bb21b95f5e3d2b5c1f2dc7,true,false
sillsdev/libpalaso,SIL.Scripture.Tests/VerseRefTests.cs,139ec174e49e23ebb8888039d54ede6ce02d008e,true,false
sillsdev/libpalaso,SIL.Scripture/VerseRef.cs,139ec174e49e23ebb8888039d54ede6ce02d008e,true,false
sillsdev/libpalaso,SIL.Archiving/RampArchivingDlgViewModel.cs,a971ea676fe26e2a7b4b6bc97d7c4cd02fe02df4,true,false
space-wizards/space-station-14,Resources/Locale/en-US/cloning/components/cloning-pod-component.ftl,06d55277726d56afb2f39bbd45582519d47112cd,true,false
space-wizards/space-station-14,Resources/Prototypes/Entities/Structures/cargo_telepad.yml,3413dc732cf58fb29e2ec15c39eebf31ee85a1b7,false,true
space-wizards/space-station-14,Content.Shared/Ghost/SharedGhostSystem.cs,59bd648578e0ad28a9145fe1267be5d885318b36,false,true
space-wizards/space-station-14,Content.Server/Sound/EmitSoundSystem.cs,705dd5beff4d634dc8e499d5af0c4ad42bb2132d,true,false
space-wizards/space-station-14,Content.Server/Chemistry/ReagentEffects/PlantMetabolism/PlantAdjustAttribute.cs,c19c4bbb29e81b028aec68fa19c456644b55f478,true,false
treeDiM/StackBuilder,Sources/TreeDim.StackBuilder.Desktop/AutoUpdater/AutoUpdater.xml,9095f7977109a2f3a8564f6fd05edd6d81fba04c,true,false
treeDiM/StackBuilder,Sources/TreeDim.StackBuilder.Desktop/AutoUpdater/ChangeLog.html,9095f7977109a2f3a8564f6fd05edd6d81fba04c,true,false
uholeschak/ediabaslib,Tools/Psdz/PsdzClient/log4net.xml,6421039f129bbfbefd2e0ef8927bc69545597c90,false,true
uholeschak/ediabaslib,Tools/Psdz/PsdzClient/log4net_config.xml,6421039f129bbfbefd2e0ef8927bc69545597c90,false,true
uholeschak/ediabaslib,Tools/Psdz/WebPsdzClient/log4net_config.xml,6421039f129bbfbefd2e0ef8927bc69545597c90,false,true
vchelaru/Gum,SvgPlugin/SkiaPlugin.csproj,33e71aef898fef16d1948d8c25f1dbfe124081d3,true,false
xenserver/xenadmin,XenModel/FriendlyNames.Designer.cs,2bc25d72d5b1cc127191883f827f584cd7fec09e,true,false
y-iihoshi/ThScoreFileConverter,ThScoreFileConverter/Properties/Resources.Designer.cs,d98171ceb5910feed026097cf9032f975a3c0fc6,true,false
y-iihoshi/ThScoreFileConverter,ThScoreFileConverter/Properties/Resources.ja-JP.resx,d98171ceb5910feed026097cf9032f975a3c0fc6,true,false
y-iihoshi/ThScoreFileConverter,ThScoreFileConverter/Models/Th165/CardReplacer.cs,ec0db04fbee4bed65de62fe7948775147dcabcde,true,false
